imdbId,filename,file_path,width,height,format,md5,dhash,Title,Genre,target_genres
1000095,1000095.jpg,../data/raw/1000095.jpg,182,268,JPEG,1eed18693ba27f862c4e0ca83938ad16,c2c2722a0d6bdaca,PokÌ©mon Ranger and the Temple of the Sea (2006),Animation|Action|Adventure,"['Animation', 'Action', 'Adventure']"
100107,100107.jpg,../data/raw/100107.jpg,182,268,JPEG,d16ff9d1f2f36ef76e0203057fd7676c,b2b4d4d88c2adcb0,Maniac Cop 2 (1990),Crime|Horror|Action,"['Horror', 'Action']"
100148,100148.jpg,../data/raw/100148.jpg,182,268,JPEG,b435cf4473f24bcd20489378fe886d46,98f36363d2d8ded8,Midnight Ride (1990),Action|Horror|Thriller,"['Action', 'Horror']"
1001526,1001526.jpg,../data/raw/1001526.jpg,182,268,JPEG,e84d413d9e5baab1214c6fab08c8ed2b,ac4a47470e8e490f,Megamind (2010),Animation|Action|Comedy,"['Animation', 'Action', 'Comedy']"
100281,100281.jpg,../data/raw/100281.jpg,182,268,JPEG,3268e0551d4019ab640929915d016eaa,b5f1e9e9e0695497,The Nutcracker Prince (1990),Animation|Adventure|Family,"['Animation', 'Adventure']"
100339,100339.jpg,../data/raw/100339.jpg,182,268,JPEG,2b1715dc14f4a782ac140e13b2c2b417,766dc987254cce0c,Patlabor: The Movie (1989),Animation|Action|Crime,"['Animation', 'Action']"
100369,100369.jpg,../data/raw/100369.jpg,182,268,JPEG,c615b5a2ba9d5ab2ae6f6e0eab8ae02b,78e89496c84970b2,The Pit and the Pendulum (1991),Horror|Romance,"['Horror', 'Romance']"
100912,100912.jpg,../data/raw/100912.jpg,182,268,JPEG,c94415213092c976a6bc8f99b7397a2a,1375291717916377,Werner - Beinhart! (1990),Action|Animation|Comedy,"['Action', 'Animation', 'Comedy']"
100963,100963.jpg,../data/raw/100963.jpg,182,268,JPEG,3195732082b63f2afa1c67a4b5c92258,2f78903e7d587c7c,Mo jong yuen So Hat-Yi (1992),Action|Comedy|Drama,"['Action', 'Comedy', 'Drama']"
101244,101244.jpg,../data/raw/101244.jpg,182,268,JPEG,221adf4de014be4ccd2a8ae8a562e273,e6c4b4ecacc8c9c9,100 Days (1991),Horror|Romance|Thriller,"['Horror', 'Romance']"
1013607,1013607.jpg,../data/raw/1013607.jpg,182,268,JPEG,352c66d63df236bc6d18d2713eb48138,e8e498838222e2c0,Idiots and Angels (2008),Animation|Comedy|Drama,"['Animation', 'Comedy', 'Drama']"
1013743,1013743.jpg,../data/raw/1013743.jpg,182,268,JPEG,b61751d1144cc8a99ac33e6f8e2f8a25,c2f2d2c8c9c8e4e4,Knight and Day (2010),Action|Comedy|Romance,"['Action', 'Comedy', 'Romance']"
101522,101522.jpg,../data/raw/101522.jpg,182,268,JPEG,3f1f53fc1ba0d6964d6453d9421ae64c,3222d2921a2aa246,Burn Up! (1991),Animation|Action|Comedy,"['Animation', 'Action', 'Comedy']"
101583,101583.jpg,../data/raw/101583.jpg,182,268,JPEG,a47eb1d1bf75dbea93965b8315e6b8f3,c6e6b9aee4ccc8c3,"Ranma å_: The Movie, Big Trouble in Nekonron, China (1991)",Animation|Comedy|Fantasy,"['Animation', 'Comedy']"
1018723,1018723.jpg,../data/raw/1018723.jpg,182,268,JPEG,f3b1d946372d5de06bcfdd25f5be1c14,0c0c1f1f6e341903,Get Smart's Bruce and Lloyd Out of Control (2008),Action|Comedy|Romance,"['Action', 'Comedy', 'Romance']"
1022883,1022883.jpg,../data/raw/1022883.jpg,182,268,JPEG,f7a5c1217b6d3a1f6e30ca5598eb1895,6dd0e88b1b1e5777,Pig Hunt (2008),Action|Horror|Thriller,"['Action', 'Horror']"
102587,102587.jpg,../data/raw/102587.jpg,182,268,JPEG,59a596c1792bfc4735063239d3155869,2b1f1f07924b4d9b,Only Yesterday (1991),Animation|Drama|Romance,"['Animation', 'Drama', 'Romance']"
102687,102687.jpg,../data/raw/102687.jpg,182,268,JPEG,457ea19b6f087969b01b9b8c5f370da6,31f048a8a449596c,Poison (1991),Drama|Horror|Romance,"['Drama', 'Horror', 'Romance']"
102802,102802.jpg,../data/raw/102802.jpg,182,268,JPEG,da3f258b06694d407e1fba6d22a43af2,2612cd0f16cce438,Rock-A-Doodle (1991),Animation|Adventure|Comedy,"['Animation', 'Adventure', 'Comedy']"
102847,102847.jpg,../data/raw/102847.jpg,182,268,JPEG,ab1578e8b065eeafc26d0a86516573fe,bd2daaf1f098d8e0,3x3 Eyes (1991),Animation|Fantasy|Horror,"['Animation', 'Horror']"
102848,102848.jpg,../data/raw/102848.jpg,182,268,JPEG,2bf9fd156d16580268f7025cf895a4e7,f0f4f8c09296c0d0,Scanners II: The New Order (1991),Action|Horror|Sci-Fi,"['Action', 'Horror']"
1029231,1029231.jpg,../data/raw/1029231.jpg,182,268,JPEG,f6419d8366b544a8609e2e1b234736c2,f0c8cc96d4cbc433,Krrish 3 (2013),Action|Adventure|Romance,"['Action', 'Adventure', 'Romance']"
1029440,1029440.jpg,../data/raw/1029440.jpg,182,268,JPEG,f167ada48a88f412655cd1496308fc0c,e4258262e6b369b1,Madame Tutli-Putli (2007),Animation|Short|Thriller,['Animation']
103218,103218.jpg,../data/raw/103218.jpg,182,268,JPEG,3aef6519b3ca78ee7b1141d3a790c768,c0c4ccc8ccd8a2ac,"Vivat, gardemariny! (1991)",Adventure|History|Romance,"['Adventure', 'Romance']"
103303,103303.jpg,../data/raw/103303.jpg,182,268,JPEG,2094bda938a30688c570667a6ecc070a,32aec2f2d8ecc54b,Year of the Gun (1991),Action|Romance|Thriller,"['Action', 'Romance']"
103639,103639.jpg,../data/raw/103639.jpg,182,268,JPEG,83537f05d248a39cffb832b6fcd25627,f09029a9e0b095cc,Aladdin (1992),Animation|Adventure|Comedy,"['Animation', 'Adventure', 'Comedy']"
103843,103843.jpg,../data/raw/103843.jpg,182,268,JPEG,983f610a296e0f61b8e9c71ce9793a3e,9a989cacaca4f0f8,Blown Away (1993),Action|Drama|Romance,"['Action', 'Drama', 'Romance']"
1038686,1038686.jpg,../data/raw/1038686.jpg,182,268,JPEG,213319652f2ce80790b3f9b7264c49b1,90f0e8697047cec6,Legion (2010),Action|Fantasy|Horror,"['Action', 'Horror']"
1038919,1038919.jpg,../data/raw/1038919.jpg,182,268,JPEG,fc3021050478f694ad5094cc33c36d99,6629319339313a32,The Bounty Hunter (2010),Action|Comedy|Romance,"['Action', 'Comedy', 'Romance']"
103956,103956.jpg,../data/raw/103956.jpg,182,268,JPEG,d95e821bd0b1e1eaaca92c0e1c702b72,def03fcad0d8b8c4,Child's Play 3 (1991),Action|Horror|Thriller,"['Action', 'Horror']"
104115,104115.jpg,../data/raw/104115.jpg,182,268,JPEG,2ba1e9699411adc59a2e551fc1d89527,7071548c6829b890,Doctor Mordrid (1992),Action|Fantasy|Horror,"['Action', 'Horror']"
104231,104231.jpg,../data/raw/104231.jpg,182,268,JPEG,49e1cea33ff8422b5cf231214cc76262,ccc870a0c0b020cc,Far and Away (1992),Adventure|Drama|Romance,"['Adventure', 'Drama', 'Romance']"
104285,104285.jpg,../data/raw/104285.jpg,182,268,JPEG,1780ec965481fa40958a6f6667b345fc,aaa8d8aabab0e29e,JÌ_dlo (1993),Animation|Short|Comedy,"['Animation', 'Comedy']"
104293,104293.jpg,../data/raw/104293.jpg,182,268,JPEG,320c622fd15fb406d8158518aa8071b8,c848ccf2ccccccf5,Four Eyes and Six-Guns (1992),Action|Comedy|Romance,"['Action', 'Comedy', 'Romance']"
1043585,1043585.jpg,../data/raw/1043585.jpg,182,268,JPEG,60077f0ac869b95974755d2dd59dfe17,f0f0713a9e9ee20e,Zombi: La creazione (2007),Action|Horror,"['Action', 'Horror']"
1043852,1043852.jpg,../data/raw/1043852.jpg,182,268,JPEG,102471f4c4508e9243c7f3ab48b1f789,434c06171549ec0c,Lascars (2009),Animation|Comedy,"['Animation', 'Comedy']"
104534,104534.jpg,../data/raw/104534.jpg,182,268,JPEG,acd87dc3cb2f763d616fbc7fc2f096f0,8c4fb3ebce3a9a9a,"It's Christmastime Again, Charlie Brown (1992)",Animation|Comedy|Family,"['Animation', 'Comedy']"
104604,104604.jpg,../data/raw/104604.jpg,182,268,JPEG,025b1ce5913e0228ede9305708a86f10,3131343d0fcf8cad,"Ranma å_: The Movie 2, Nihao My Concubine (1992)",Animation|Action|Adventure,"['Animation', 'Action', 'Adventure']"
104652,104652.jpg,../data/raw/104652.jpg,182,268,JPEG,18fdfb3cf9df5518072653e00cade882,f09072f9f1cb0d27,Porco Rosso (1992),Animation|Adventure|Comedy,"['Animation', 'Adventure', 'Comedy']"
104839,104839.jpg,../data/raw/104839.jpg,182,268,JPEG,5131b9756d2c019155be338011408b67,6127211232c984c6,Medicine Man (1992),Adventure|Drama|Romance,"['Adventure', 'Drama', 'Romance']"
1050160,1050160.jpg,../data/raw/1050160.jpg,182,268,JPEG,c061b678cd5f04ec546ff36aaad84011,aec23b8686243434,The Machine Girl (2008),Action|Comedy|Horror,"['Action', 'Comedy', 'Horror']"
1051713,1051713.jpg,../data/raw/1051713.jpg,182,268,JPEG,136b53f854692f5fd99487f6e892fa36,32332a060b197f3e,Kiwi! (2006),Animation|Short|Action,"['Animation', 'Action']"
105322,105322.jpg,../data/raw/105322.jpg,182,268,JPEG,e0dfedc262c17c1a708d6da83f6c3983,78c09866c6c2f1e4,Scanners III: The Takeover (1991),Action|Horror|Sci-Fi,"['Action', 'Horror']"
1053918,1053918.jpg,../data/raw/1053918.jpg,182,268,JPEG,e9647e5dbb7ddf2258851d3649219922,caf2d393a285cf69,Shadowheart (2009),Action|Drama|Romance,"['Action', 'Drama', 'Romance']"
1054485,1054485.jpg,../data/raw/1054485.jpg,182,268,JPEG,1a81ed14610a21826667afa6f9470c60,b4cdeeadc4b2494c,Futurama: The Beast with a Billion Backs (2008),Animation|Comedy|Romance,"['Animation', 'Comedy', 'Romance']"
1054486,1054486.jpg,../data/raw/1054486.jpg,182,268,JPEG,1f744a1217365fcaf9d720b95d426578,b5dbdbb793d7e4f8,Futurama: Bender's Game (2008),Animation|Action|Adventure,"['Animation', 'Action', 'Adventure']"
1054487,1054487.jpg,../data/raw/1054487.jpg,182,268,JPEG,4f64f131e73f5fd404fc813772a67e9b,b7ccb8299d8ce2f2,Futurama: Into the Wild Green Yonder (2009),Animation|Comedy|Sci-Fi,"['Animation', 'Comedy']"
105459,105459.jpg,../data/raw/105459.jpg,182,268,JPEG,b00ffde0fcf69006a8a64f5edde9b872,9b72f0bc25969626,Split Second (1992),Action|Crime|Horror,"['Action', 'Horror']"
105598,105598.jpg,../data/raw/105598.jpg,182,268,JPEG,7de9a3cf6543b8475530b413628d3479,725212275c325656,Tiny Toon Adventures: How I Spent My Vacation (1992),Animation|Adventure|Comedy,"['Animation', 'Adventure', 'Comedy']"
1056437,1056437.jpg,../data/raw/1056437.jpg,182,268,JPEG,d8849563011a71ad3e7dccfa38a47cd6,92f0d897b73ba7e6,Sukai kurora (2008),Animation|Adventure|Drama,"['Animation', 'Adventure', 'Drama']"
105871,105871.jpg,../data/raw/105871.jpg,182,268,JPEG,88d55256cafc285425e522839e025d60,1ab0d494b6e8ba33,Year of the Comet (1992),Action|Adventure|Romance,"['Action', 'Adventure', 'Romance']"
105946,105946.jpg,../data/raw/105946.jpg,182,268,JPEG,e86dc0718c8b84196815281419373097,008430b2b2300030,Babylon 5,Action|Adventure|Drama,"['Action', 'Adventure', 'Drama']"
1060277,1060277.jpg,../data/raw/1060277.jpg,182,268,JPEG,d3ca90eb2823992e2c6de8478f4aa90a,98ec66e3e3c36392,Cloverfield (2008),Action|Horror|Sci-Fi,"['Action', 'Horror']"
106257,106257.jpg,../data/raw/106257.jpg,182,268,JPEG,054bdc1ed7e8134c08b443188ef2a17e,d27260b694c4c8b0,American Ninja 5 (1993),Action|Comedy|Romance,"['Action', 'Comedy', 'Romance']"
106364,106364.jpg,../data/raw/106364.jpg,182,268,JPEG,f35eb6b026283bf658bb77b8b3da6a42,2f1633b396f0b686,Batman: Mask of the Phantasm (1993),Animation|Action|Adventure,"['Animation', 'Action', 'Adventure']"
106417,106417.jpg,../data/raw/106417.jpg,182,268,JPEG,720354366cd2667f26eee7850c1ce554,e6442232b369793b,Sailor Moon R the Movie: The Promise of the Rose (1993),Animation|Action|Comedy,"['Animation', 'Action', 'Comedy']"
106446,106446.jpg,../data/raw/106446.jpg,182,268,JPEG,6399d93090feca5eb56ab2bcf5f0613d,d1d911ec29212311,Bob's Birthday (1994),Animation|Comedy|Short,"['Animation', 'Comedy']"
1064801,1064801.jpg,../data/raw/1064801.jpg,182,268,JPEG,b0d7b89358e1902068f15bbaf2d9af7c,f3d2b6eee9296ba3,Red Canyon (2008),Action|Horror|Thriller,"['Action', 'Horror']"
106676,106676.jpg,../data/raw/106676.jpg,182,268,JPEG,9eee41a4bbf1f211832d2fbb666f3011,85f117171d25e151,Daybreak (1993),Action|Drama|Romance,"['Action', 'Drama', 'Romance']"
1067106,1067106.jpg,../data/raw/1067106.jpg,182,268,JPEG,e1aa4ba98829b03775322688269a1b94,9ca43499b1e1c3ea,A Christmas Carol (2009),Animation|Drama|Family,"['Animation', 'Drama']"
106743,106743.jpg,../data/raw/106743.jpg,182,268,JPEG,d25fddde5c0c730e533c872a350c5b8f,2fe678ade5cac2f0,Dollman vs. Demonic Toys (1993),Action|Fantasy|Horror,"['Action', 'Horror']"
1067773,1067773.jpg,../data/raw/1067773.jpg,182,268,JPEG,4785feb790ef4e4b03bf8788ffe45450,70d84c6666230ac9,Game of Assassins (2013),Action|Adventure|Horror,"['Action', 'Adventure', 'Horror']"
1067920,1067920.jpg,../data/raw/1067920.jpg,182,268,JPEG,4382112b6b256f497a4cad74526f30b9,b472e2cc6c73a5a4,Meitantei Conan: Seiki matsu no majutsushi (1999),Animation|Adventure|Crime,"['Animation', 'Adventure']"
1068958,1068958.jpg,../data/raw/1068958.jpg,182,268,JPEG,e6923c16d275335d41f0dfe3b15fe32d,5c8a0c14c8ccc8f1,Werewolf: The Devil's Hound (2007),Action|Comedy|Horror,"['Action', 'Comedy', 'Horror']"
107061,107061.jpg,../data/raw/107061.jpg,182,268,JPEG,16220e791ecf29a03d4e306919850a9e,cf8fe7c9d03a2a9f,Gunnm (1993),Animation|Action|Crime,"['Animation', 'Action']"
107228,107228.jpg,../data/raw/107228.jpg,182,268,JPEG,b07c528201750f067463c8705ab48b34,c5c5a1355947784c,Iria: Zeiram the Animation (1993),Action|Horror|Animation,"['Action', 'Horror', 'Animation']"
107448,107448.jpg,../data/raw/107448.jpg,182,268,JPEG,891b4d20f68dbda54c8d7bd48e932597,8c92b233b369e8a6,Love Bites (1993),Comedy|Horror|Romance,"['Comedy', 'Horror', 'Romance']"
1075746,1075746.jpg,../data/raw/1075746.jpg,182,268,JPEG,7f57be3c6865a080ec45504bc11cdecf,e4e4e4a431619ab3,I Am Omega (2007),Action|Horror|Sci-Fi,"['Action', 'Horror']"
107692,107692.jpg,../data/raw/107692.jpg,182,268,JPEG,0772d79ab8c613afc654f7fc62b2ae9f,e96834a89a742503,Ninja Scroll (1993),Animation|Action|Adventure,"['Animation', 'Action', 'Adventure']"
1077258,1077258.jpg,../data/raw/1077258.jpg,182,268,JPEG,23a4499bc45823eb899cc034060f40d7,616a286825d4e6a8,Planet Terror (2007),Action|Comedy|Horror,"['Action', 'Comedy', 'Horror']"
107745,107745.jpg,../data/raw/107745.jpg,182,268,JPEG,1bde8d81393649c0d6f8eb0e96c6c8fb,9df08c1f96ccf0f2,Once Upon a Forest (1993),Animation|Adventure|Drama,"['Animation', 'Adventure', 'Drama']"
107875,107875.jpg,../data/raw/107875.jpg,182,268,JPEG,d0baaa53c8bbe6f1a5cd1b65846f8246,d8b6a8b836e190f0,The Princess and the Goblin (1991),Animation|Fantasy,['Animation']
1078927,1078927.jpg,../data/raw/1078927.jpg,182,268,JPEG,a69f1873e9fdc4cb6fdfa29e06ebae56,5535d5c9d1193961,Shark Swarm (2008),Action|Drama|Horror,"['Action', 'Drama', 'Horror']"
1080016,1080016.jpg,../data/raw/1080016.jpg,182,268,JPEG,013eb6b630fd45afa83e64c89badc412,8af8d8cac8b0e869,Ice Age: Dawn of the Dinosaurs (2009),Animation|Action|Adventure,"['Animation', 'Action', 'Adventure']"
108069,108069.jpg,../data/raw/108069.jpg,182,268,JPEG,afbe641c26666394d06fd93859d6ccf1,b6b6cde4569bf061,The Secret Adventures of Tom Thumb (1993),Animation|Adventure|Sci-Fi,"['Animation', 'Adventure']"
108598,108598.jpg,../data/raw/108598.jpg,182,268,JPEG,d81e40b701372e776cd0044098a3d6bf,60eceadcfcb0ae46,The Wrong Trousers (1993),Animation|Short|Comedy,"['Animation', 'Comedy']"
108650,108650.jpg,../data/raw/108650.jpg,182,268,JPEG,0133da67c53bdce2b56e4ea1ea024c85,8053c868cadae415,Zhan shen chuan shuo (1992),Action|Adventure|Romance,"['Action', 'Adventure', 'Romance']"
1087858,1087858.jpg,../data/raw/1087858.jpg,182,268,JPEG,c33a5a11530eccb5cfa1b6b2125633fb,c6d59ba9bdd9c4d2,"Jungledyret Hugo: FrÌ_k, flabet og fri (2007)",Animation|Comedy|Family,"['Animation', 'Comedy']"
109010,109010.jpg,../data/raw/109010.jpg,182,268,JPEG,e7f3c5594e0ccaef571afac94518b376,bae066b294b69a8c,1942: A Love Story (1994),Romance|Action|Drama,"['Romance', 'Action', 'Drama']"
109277,109277.jpg,../data/raw/109277.jpg,182,268,JPEG,1e3afb92bfe56fa39e777f5dcfd5bbd8,7e7c3313329ae232,Sailor Moon S the Movie: Hearts in Ice (1994),Animation|Action|Comedy,"['Animation', 'Action', 'Comedy']"
1093357,1093357.jpg,../data/raw/1093357.jpg,182,268,JPEG,b9fc7f70a94414b87c656f1460f683aa,e8e676ecd8248cf8,The Darkest Hour (2011),Action|Adventure|Horror,"['Action', 'Adventure', 'Horror']"
1093906,1093906.jpg,../data/raw/1093906.jpg,182,268,JPEG,c7aa990d99b05309a15ad03b9b743279,a8e0c88ec6d6d4b4,The Rig (2010),Action|Horror|Sci-Fi,"['Action', 'Horror']"
109412,109412.jpg,../data/raw/109412.jpg,182,268,JPEG,26ba4910b20efec1c7b0b50d329be797,e9e4a4a4ad9e829f,Chik loh go yeung (1992),Action|Crime|Romance,"['Action', 'Romance']"
1094162,1094162.jpg,../data/raw/1094162.jpg,182,268,JPEG,c8fbb71fa9e7e281577dcabed7e29ef6,eced8e8cced47079,AVH: Alien vs. Hunter (2007),Action|Horror|Sci-Fi,"['Action', 'Horror']"
109422,109422.jpg,../data/raw/109422.jpg,182,268,JPEG,cf0d941161ad1bf74814cce86d580eb9,e8b0f032ad9166ce,Ranma å_: One Grew Over the Kuno's Nest (1994),Animation|Action|Comedy,"['Animation', 'Action', 'Comedy']"
109442,109442.jpg,../data/raw/109442.jpg,182,268,JPEG,2eba607d1e5c7e1f11cb7f9dd8cd82d8,ea4bcdcda4e4c417,Class of 1999 II: The Substitute (1994),Action|Horror|Sci-Fi,"['Action', 'Horror']"
109542,109542.jpg,../data/raw/109542.jpg,182,268,JPEG,d7571aa6942ac35def088356d1fc04c5,74e062743c3cb913,Dark Angel: The Ascent (1994),Horror|Romance,"['Horror', 'Romance']"
109552,109552.jpg,../data/raw/109552.jpg,182,268,JPEG,201118f549fc7c2b01a88e058a382e79,8e9a8c941c1c2626,Darkman II: The Return of Durant (1995),Action|Crime|Horror,"['Action', 'Horror']"
109553,109553.jpg,../data/raw/109553.jpg,182,268,JPEG,65997119b11066a7b92778f766fdc737,4d2d27070f070f2b,Darkside Blues (1994),Animation|Horror|Mystery,"['Animation', 'Horror']"
109575,109575.jpg,../data/raw/109575.jpg,182,268,JPEG,e349d124806da5d2f06df04c05d426cd,80f0f4c4f8e0f8bc,Death Machine (1994),Action|Horror|Sci-Fi,"['Action', 'Horror']"
109781,109781.jpg,../data/raw/109781.jpg,182,268,JPEG,c9370f4d0d54c6b06d7f987ab3711362,0b99dd496961614d,Faust (1994),Animation|Comedy|Drama,"['Animation', 'Comedy', 'Drama']"
109791,109791.jpg,../data/raw/109791.jpg,182,268,JPEG,2be82726728965274f54c1f8e5b9211d,4e8ef0ce61d4d4f8,Felidae (1994),Animation|Action|Drama,"['Animation', 'Action', 'Drama']"
1098199,1098199.jpg,../data/raw/1098199.jpg,182,268,JPEG,eb5b908c0a119d8ee7a45e6016872c32,8d4cd9793ad9e4e8,Corto Maltese - La ballade de la mer salÌ©e (2002),Animation|Adventure|Crime,"['Animation', 'Adventure']"
109836,109836.jpg,../data/raw/109836.jpg,182,268,JPEG,84661decec6e4bb8ff1d8e25d44e8fe5,e8f01908636bb492,Mary Shelley's Frankenstein (1994),Drama|Horror|Romance,"['Drama', 'Horror', 'Romance']"
109872,109872.jpg,../data/raw/109872.jpg,182,268,JPEG,2de9e0876071ef2ae9df431c1dbec975,0dcd5018894858b2,Fatal Fury: The Motion Picture (1994),Animation|Action|Fantasy,"['Animation', 'Action']"
110008,110008.jpg,../data/raw/110008.jpg,182,268,JPEG,66408ce7ebd529106f45216700ad7c78,2f174d4d4d71f0cc,Pom Poko (1994),Animation|Comedy|Drama,"['Animation', 'Comedy', 'Drama']"
110027,110027.jpg,../data/raw/110027.jpg,182,268,JPEG,ae41e3844c39eb943424978340fb4745,71e58cdd0fc9c8e4,Highlander: The Final Dimension (1994),Action|Fantasy|Romance,"['Action', 'Romance']"
110213,110213.jpg,../data/raw/110213.jpg,182,268,JPEG,df39e2a4174e16562c46f042faa80c2d,70cc9688aa3a7870,The Jungle Book (1994),Adventure|Family|Romance,"['Adventure', 'Romance']"
110280,110280.jpg,../data/raw/110280.jpg,182,268,JPEG,15160a9a74cd848338d8bc34ecb2b785,e52d08a38144cc92,Krantiveer (1994),Action|Drama|Romance,"['Action', 'Drama', 'Romance']"
110300,110300.jpg,../data/raw/110300.jpg,182,268,JPEG,1144d3c10a03cb0c34f40d6753591103,e86007e3e154f0b5,The Land Before Time II: The Great Valley Adventure (1994),Animation|Adventure|Family,"['Animation', 'Adventure']"
1103153,1103153.jpg,../data/raw/1103153.jpg,182,268,JPEG,744c02f29ccff066bf763b6e798f0c23,571d8d075e0f2b01,Killers (2010),Action|Comedy|Romance,"['Action', 'Comedy', 'Romance']"
1103256,1103256.jpg,../data/raw/1103256.jpg,182,268,JPEG,83c95654182efaf70f40b5e2d95c660b,c592b19923e3c9a1,Red Sands (2009),Action|Horror|Thriller,"['Action', 'Horror']"
110357,110357.jpg,../data/raw/110357.jpg,182,268,JPEG,c281e3568ced5054b0032133641f4916,95c938b0f0f0f4e8,The Lion King (1994),Animation|Adventure|Drama,"['Animation', 'Adventure', 'Drama']"
1104835,1104835.jpg,../data/raw/1104835.jpg,182,268,JPEG,e7c1bc4a6e0d53141d871e63ca337e4f,8ee7cdc998a9734d,Feast II: Sloppy Seconds (2008),Action|Comedy|Horror,"['Action', 'Comedy', 'Horror']"
1104836,1104836.jpg,../data/raw/1104836.jpg,182,268,JPEG,6a74dd39fee198f7001663c045bb807a,f4eca08698f9f8c8,Feast III: The Happy Finish (2009),Action|Comedy|Horror,"['Action', 'Comedy', 'Horror']"
110547,110547.jpg,../data/raw/110547.jpg,182,268,JPEG,235a01f313e865a8aca0dc67db1bfc59,70f81cf4ecec79d8,Le moine et le poisson (1994),Animation|Musical|Short,['Animation']
1107365,1107365.jpg,../data/raw/1107365.jpg,182,268,JPEG,25b5ccd651374e0eeeb47f2785192ded,879369e9193637f1,Open Season 2 (2008),Animation|Adventure|Comedy,"['Animation', 'Adventure', 'Comedy']"
110823,110823.jpg,../data/raw/110823.jpg,182,268,JPEG,6e6b12b0dd7a34a4b3320cc92627d198,9cc4f832b1b171e2,Phantasm III: Lord of the Dead (1994),Action|Fantasy|Horror,"['Action', 'Horror']"
1109488,1109488.jpg,../data/raw/1109488.jpg,182,268,JPEG,c9750269036d9252f1d4e29d14d0989e,b22ef0ec9e86ce62,Mars (2010),Animation|Comedy|Sci-Fi,"['Animation', 'Comedy']"
111173,111173.jpg,../data/raw/111173.jpg,182,268,JPEG,d9dfd91f8536cb112e32494b32e84a16,4bbceceae9ed8ab3,Shopping (1994),Action|Crime|Drama,"['Action', 'Drama']"
111308,111308.jpg,../data/raw/111308.jpg,182,268,JPEG,dce3fd9ef4ca97723cffee6e0d3c22f4,b9e3e2696349d5ec,Suhaag (1994),Action|Drama|Romance,"['Action', 'Drama', 'Romance']"
111333,111333.jpg,../data/raw/111333.jpg,182,268,JPEG,608cba98a9b083f6c1d57b9ddf306439,f4f0f0d8f8e0f0e8,The Swan Princess (1994),Animation|Comedy|Family,"['Animation', 'Comedy']"
1114718,1114718.jpg,../data/raw/1114718.jpg,182,268,JPEG,f2cb07afd4d4e6b80ccd81856e09f8ef,0735497f63669053,How to Hook Up Your Home Theater (2007),Animation|Short|Comedy,"['Animation', 'Comedy']"
111742,111742.jpg,../data/raw/111742.jpg,182,268,JPEG,2f5e6d32bea6a10cc67e5b46a38f6e5a,616ccc8c83948c8c,Wolf (1994),Drama|Horror|Romance,"['Drama', 'Horror', 'Romance']"
1117563,1117563.jpg,../data/raw/1117563.jpg,182,268,JPEG,56248e42ee56351cd7400cbd7715de63,ccce199686968a4c,Batman: Gotham Knight (2008),Animation|Action|Crime,"['Animation', 'Action']"
111800,111800.jpg,../data/raw/111800.jpg,182,268,JPEG,bd4177710937263312383a2493e6b50c,648f9e319ba9da66,Wing Chun (1994),Action|Comedy|Drama,"['Action', 'Comedy', 'Drama']"
1118511,1118511.jpg,../data/raw/1118511.jpg,182,268,JPEG,0f0e37ae88e0bc428ef66f2a472f646a,1923e0fc70b05b3f,A Matter of Loaf and Death (2008),Animation|Short|Comedy,"['Animation', 'Comedy']"
111933,111933.jpg,../data/raw/111933.jpg,182,268,JPEG,2f79e3b83cce553c8b53028da62f9ab8,6c3ccdc7262d1c8a,Daisy-Head Mayzie (1995),Animation|Short|Family,['Animation']
1121794,1121794.jpg,../data/raw/1121794.jpg,182,268,JPEG,aaac3e93628f08c06b16e10f856c64ab,1418eafab4c4d397,Sword of the Stranger (2007),Animation|Action|Adventure,"['Animation', 'Action', 'Adventure']"
1123373,1123373.jpg,../data/raw/1123373.jpg,182,268,JPEG,bb2657cd629711906ebde8dabad963ed,5170c8cccc8cb2f0,Di renjie: Tong tian di guo (2010),Action|Adventure|Drama,"['Action', 'Adventure', 'Drama']"
112389,112389.jpg,../data/raw/112389.jpg,182,268,JPEG,3b8faa2155733528e92b5c6aa0037677,c8f0f8f0ccc8cccc,The Princess and the Cobbler (1993),Animation|Action|Adventure,"['Animation', 'Action', 'Adventure']"
1124037,1124037.jpg,../data/raw/1124037.jpg,182,268,JPEG,8382b841dcdde44738cba0abed9630a0,0ccc8eb330e8e133,Free State of Jones (2016),Action|Biography|Drama,"['Action', 'Drama']"
112453,112453.jpg,../data/raw/112453.jpg,182,268,JPEG,d00c7e58f45dde8e0e8046e769ba3603,095be6c264b1373f,Balto (1995),Animation|Adventure|Drama,"['Animation', 'Adventure', 'Drama']"
112459,112459.jpg,../data/raw/112459.jpg,182,268,JPEG,5f712ea60006fcc562e2111e78c4a849,9a9ec4ac9e9ca6c8,Barsaat (1995),Action|Romance,"['Action', 'Romance']"
112513,112513.jpg,../data/raw/112513.jpg,182,268,JPEG,e847b0af29c3bdf40e76497b34b99dce,e8ca42ae52d212b6,Sailor Moon Super S the Movie: Black Dream Hole (1995),Animation|Action|Comedy,"['Animation', 'Action', 'Comedy']"
1125254,1125254.jpg,../data/raw/1125254.jpg,182,268,JPEG,6d06be0f8fddb6a7d4fca16b7fdee112,6e2cca4c2d4b13c6,Dragon Ball Z: Cooler's Revenge (1991),Animation|Action|Sci-Fi,"['Animation', 'Action']"
112668,112668.jpg,../data/raw/112668.jpg,182,268,JPEG,934ed5a772fffc922618ca204b5d3613,d5d1ca3515d50d6c,A Christmas Carol (1997),Animation|Drama|Fantasy,"['Animation', 'Drama']"
112691,112691.jpg,../data/raw/112691.jpg,182,268,JPEG,c8a6632f417b95b3a3971b79ab2d0312,facb247cb62746df,A Close Shave (1995),Animation|Short|Comedy,"['Animation', 'Comedy']"
1127886,1127886.jpg,../data/raw/1127886.jpg,182,268,JPEG,a12d79779c63fbf66db57190e2e6b21d,70614684807271f0,Here (2011),Adventure|Drama|Romance,"['Adventure', 'Drama', 'Romance']"
112843,112843.jpg,../data/raw/112843.jpg,182,268,JPEG,0f37a65823a2d420dfee8044d88029f8,3ff09891d32794f4,The Demolitionist (1995),Action|Horror|Sci-Fi,"['Action', 'Horror']"
112862,112862.jpg,../data/raw/112862.jpg,182,268,JPEG,69a0b00d4f498ceb28d4e883c0862d87,343cc8f8f0736d64,Anne no nikki (1995),Animation|Biography|Drama,"['Animation', 'Drama']"
112993,112993.jpg,../data/raw/112993.jpg,182,268,JPEG,f0b32bca273164bd64593f55c1f0fbd2,5ab858b8e1d89a9a,Evolver (1995),Action|Horror|Sci-Fi,"['Action', 'Horror']"
113071,113071.jpg,../data/raw/113071.jpg,182,268,JPEG,cd9b4826a3c2a3b08f4aea143dcbee1a,ece6a4a59792b4e4,First Knight (1995),Action|Adventure|Romance,"['Action', 'Adventure', 'Romance']"
1131742,1131742.jpg,../data/raw/1131742.jpg,182,268,JPEG,302400c690d9a3ab98f4fe41c7e73420,f0e4b8b9e0c0d880,Mutants (2008),Action|Horror|Sci-Fi,"['Action', 'Horror']"
113187,113187.jpg,../data/raw/113187.jpg,182,268,JPEG,254e16fabbd94f31b151f614a2dab942,ecccdaf46c934ba9,Godzilla vs. Destoroyah (1995),Action|Family|Horror,"['Action', 'Horror']"
113198,113198.jpg,../data/raw/113198.jpg,182,268,JPEG,e4dba3d7b50b4ae4d5a7f5b7af53d91c,f296ccd964d6f66e,A Goofy Movie (1995),Animation|Adventure|Comedy,"['Animation', 'Adventure', 'Comedy']"
113234,113234.jpg,../data/raw/113234.jpg,182,268,JPEG,40ab3db02aa5e374623850b0e7d6f293,353bdb6b0b4acd19,Gumby: The Movie (1995),Animation|Action|Adventure,"['Animation', 'Action', 'Adventure']"
113236,113236.jpg,../data/raw/113236.jpg,182,268,JPEG,a69dc219dd66cac5e487fd1786cf1478,1c6c6c39b49c34e6,Gunsmith Cats (1995),Animation|Action|Crime,"['Animation', 'Action']"
113238,113238.jpg,../data/raw/113238.jpg,182,268,JPEG,37dc5cdaed88ba62f79826cbbffa260f,88c98d8d99d8dc74,Gunfighter's Moon (1995),Action|Drama|Romance,"['Action', 'Drama', 'Romance']"
113241,113241.jpg,../data/raw/113241.jpg,182,268,JPEG,900f0a4ed8a6426cae0a267c41f3ee39,b0389c8cecd6d3a9,Habit (1995),Drama|Horror|Romance,"['Drama', 'Horror', 'Romance']"
113277,113277.jpg,../data/raw/113277.jpg,182,268,JPEG,7686c373afa425474f121ee361110fc5,b4cce44600e8f0b0,Heat (1995),Action|Crime|Drama,"['Action', 'Drama']"
113429,113429.jpg,../data/raw/113429.jpg,182,268,JPEG,2208fa7514dc13d525dd05e50abea2d0,b333637171c8e4b4,"Institute Benjamenta, or This Dream That One Calls Human Life (1995)",Animation|Drama,"['Animation', 'Drama']"
1134859,1134859.jpg,../data/raw/1134859.jpg,182,268,JPEG,5595f2723740b4e2c22d6e4d07ab8729,2ace1d0be6271c99,Your Friend the Rat (2007),Animation|Short|Comedy,"['Animation', 'Comedy']"
113596,113596.jpg,../data/raw/113596.jpg,182,268,JPEG,55cae473df93813bf5e74b649505c7ff,e871efcc8f8a12af,The Land Before Time III: The Time of the Great Giving (1995),Animation|Adventure|Family,"['Animation', 'Adventure']"
113719,113719.jpg,../data/raw/113719.jpg,182,268,JPEG,e0f27aa70f7e9aa295e0edcdff10f6d1,f07171e0f0696969,Lunarcop (1995),Action|Drama|Sci-Fi,"['Action', 'Drama']"
1137996,1137996.jpg,../data/raw/1137996.jpg,182,268,JPEG,1bcb7f9fcfc16660d0fd1df52bce8b36,626caa5ad0dacce0,Anaconda: The Offspring (2008),Action|Horror|Sci-Fi,"['Action', 'Horror']"
113824,113824.jpg,../data/raw/113824.jpg,182,268,JPEG,b132cf7958767a8ff03139907b258549,32c2ac1d5762c2ca,Mimi wo sumaseba (1995),Animation|Drama|Family,"['Animation', 'Drama']"
1139111,1139111.jpg,../data/raw/1139111.jpg,182,268,JPEG,10dff14b1a464d5a3b140e0f9d87c2dd,a12133dadc344cda,The Land Before Time XIII: The Wisdom of Friends (2007),Animation|Adventure|Family,"['Animation', 'Adventure']"
113972,113972.jpg,../data/raw/113972.jpg,182,268,JPEG,cab1a14f08cdbb986306396d410bdfeb,9c9e5f5a33337297,Nick of Time (1995),Action|Crime|Drama,"['Action', 'Drama']"
1139797,1139797.jpg,../data/raw/1139797.jpg,182,268,JPEG,a68da2c00c367c294f3b8ce1ba1a582b,e3e3e1c9e8c8d8ba,Let the Right One In (2008),Drama|Horror|Romance,"['Drama', 'Horror', 'Romance']"
114108,114108.jpg,../data/raw/114108.jpg,182,268,JPEG,18e855386ebf393f235bef6c8bcdb4b1,412f2e1c080d353b,The Pebble and the Penguin (1995),Animation|Adventure|Comedy,"['Animation', 'Adventure', 'Comedy']"
114126,114126.jpg,../data/raw/114126.jpg,182,268,JPEG,316797e8bccbca30ffb33d6a2f1b7c8c,3fcf9c0ecfd9ece4,Thunderbolt (1995),Action|Comedy|Drama,"['Action', 'Comedy', 'Drama']"
114148,114148.jpg,../data/raw/114148.jpg,182,268,JPEG,4ab3bd360a02fe8473ef9287e0600745,9130f0f4f672b292,Pocahontas (1995),Animation|Adventure|Drama,"['Animation', 'Adventure', 'Drama']"
114192,114192.jpg,../data/raw/114192.jpg,182,268,JPEG,4a8846e8b0524c314c210f97ad27649d,91b2b0b3f1f0b033,Project Shadowchaser III (1995),Action|Horror|Sci-Fi,"['Action', 'Horror']"
114214,114214.jpg,../data/raw/114214.jpg,182,268,JPEG,31cf60770501f27af6a3463c719ae3e4,9b36fc3c3530f072,The Quick and the Dead (1995),Action|Romance|Thriller,"['Action', 'Romance']"
1142977,1142977.jpg,../data/raw/1142977.jpg,182,268,JPEG,efd0dfd8168d33c9e84d85321dc8889b,c69c7834cc0e1771,Frankenweenie (2012),Animation|Comedy|Family,"['Animation', 'Comedy']"
1144797,1144797.jpg,../data/raw/1144797.jpg,182,268,JPEG,df2e6b03dda08880a3c588402722e5d0,9084007b6fe60d7b,Death Warrior (2009),Action|Drama|Horror,"['Action', 'Drama', 'Horror']"
114508,114508.jpg,../data/raw/114508.jpg,182,268,JPEG,3b797aee4b95bd2dca49ccb4defc9fdb,f76eccc8c9d8f8a8,Species (1995),Action|Horror|Sci-Fi,"['Action', 'Horror']"
114563,114563.jpg,../data/raw/114563.jpg,182,268,JPEG,9aab68f058ff21e85be2790020f10683,6cb8b8e0c2c4949a,Street Fighter II: The Animated Movie (1994),Animation|Action|Adventure,"['Animation', 'Action', 'Adventure']"
114608,114608.jpg,../data/raw/114608.jpg,182,268,JPEG,b531d02a748ebfe4f04e669cce430aa3,d6e286e8eab2c8e0,Tales from the Crypt: Demon Knight (1995),Action|Fantasy|Horror,"['Action', 'Horror']"
114720,114720.jpg,../data/raw/114720.jpg,182,268,JPEG,0031c522349ce3601b66f4fb1d6aaa3c,0b2d9696aad4f4d8,Tremors II: Aftershocks (1996),Action|Comedy|Horror,"['Action', 'Comedy', 'Horror']"
1147684,1147684.jpg,../data/raw/1147684.jpg,182,268,JPEG,c600e06ff2887ba46eff19b2127c1827,fc98c4b878f8f7cd,Forget Me Not (2009),Horror|Romance|Thriller,"['Horror', 'Romance']"
1147687,1147687.jpg,../data/raw/1147687.jpg,182,268,JPEG,2f535ee026d52176b1d6370e3f52aaac,cccf4f47e5db6959,The Devil's Tomb (2009),Action|Horror|Sci-Fi,"['Action', 'Horror']"
1157658,1157658.jpg,../data/raw/1157658.jpg,182,268,JPEG,1352bab35dd4d1e98f2483c52d831fcd,13236d5f13171757,I Love Sarah Jane (2008),Short|Horror|Romance,"['Horror', 'Romance']"
115834,115834.jpg,../data/raw/115834.jpg,182,268,JPEG,0c12e988efa0b092476765be28c556ed,25252d0d9b37231b,Carnosaur 3: Primal Species (1996),Action|Horror|Sci-Fi,"['Action', 'Horror']"
116000,116000.jpg,../data/raw/116000.jpg,182,268,JPEG,b0053b30168d3bb2d4f229c187588abc,d29aec6aba9470e0,D3: The Mighty Ducks (1996),Action|Comedy|Drama,"['Action', 'Comedy', 'Drama']"
1160996,1160996.jpg,../data/raw/1160996.jpg,182,268,JPEG,e38fe4209f9e0ea0d14aefc12ea6616e,b43636c4e87363aa,The Colony (2013),Action|Horror|Sci-Fi,"['Action', 'Horror']"
116367,116367.jpg,../data/raw/116367.jpg,182,268,JPEG,894a11a5f1c5c65a1c68056768d2c292,cdcedcc89898c9ca,From Dusk Till Dawn (1996),Action|Crime|Horror,"['Action', 'Horror']"
116583,116583.jpg,../data/raw/116583.jpg,182,268,JPEG,5fee51a477d5d4f8e53e0e3a4bc9b60a,073755134c4b4564,The Hunchback of Notre Dame (1996),Animation|Drama|Family,"['Animation', 'Drama']"
116683,116683.jpg,../data/raw/116683.jpg,182,268,JPEG,c73affb41a76e5dda5cf30b55e93ebf7,86030307133b2307,James and the Giant Peach (1996),Animation|Adventure|Family,"['Animation', 'Adventure']"
116690,116690.jpg,../data/raw/116690.jpg,182,268,JPEG,c31f1ebbc892b9d3f130f83f069dd024,59d7f3c367035355,Jeet (1996),Action|Drama|Romance,"['Action', 'Drama', 'Romance']"
116817,116817.jpg,../data/raw/116817.jpg,182,268,JPEG,11ea5a5b3e1c785b5443cbd2206f121f,e1941026159472f3,The Land Before Time IV: Journey Through the Mists (1996),Animation|Adventure|Family,"['Animation', 'Adventure']"
116830,116830.jpg,../data/raw/116830.jpg,182,268,JPEG,dc659ca8b051ca1b210f69ced99a005b,9119381d515c4945,Last Man Standing (1996),Action|Crime|Drama,"['Action', 'Drama']"
116898,116898.jpg,../data/raw/116898.jpg,182,268,JPEG,34a53fde0081f837a9cf4698c8f17e47,5286c47461db1953,Loafer (1996),Action|Comedy|Romance,"['Action', 'Comedy', 'Romance']"
1172203,1172203.jpg,../data/raw/1172203.jpg,182,268,JPEG,b3855608eee7a9869d0b0efb78d04bf3,aaaaaaf0e0e4f0f0,Sita Sings the Blues (2008),Animation|Comedy|Fantasy,"['Animation', 'Comedy']"
1174954,1174954.jpg,../data/raw/1174954.jpg,182,268,JPEG,be6c77b96316de8aedacaa2037a7c589,c49e90424eced26b,Resident Evil: Degeneration (2008),Animation|Action|Horror,"['Animation', 'Action', 'Horror']"
117603,117603.jpg,../data/raw/117603.jpg,182,268,JPEG,701eafd4940dc5759d1ec40661c1fb20,a6eeccc8b2b646ec,Set It Off (1996),Action|Crime|Drama,"['Action', 'Drama']"
1176252,1176252.jpg,../data/raw/1176252.jpg,182,268,JPEG,cf20019d164c6030217030349b5a6e62,4d5989d1d2d2688c,Hunger (2009),Action|Crime|Horror,"['Action', 'Horror']"
1176416,1176416.jpg,../data/raw/1176416.jpg,182,268,JPEG,d7ec92591e640fe6d01ae552dc3d6a57,90848cb8202c3452,Tetsuo: The Bullet Man (2009),Action|Horror|Sci-Fi,"['Action', 'Horror']"
117876,117876.jpg,../data/raw/117876.jpg,182,268,JPEG,462e54c4553026780d8b162c7c8b5563,9e544adaf2d68296,Tenchi the Movie - Tenchi Muyo in Love (1996),Animation|Comedy|Drama,"['Animation', 'Comedy', 'Drama']"
1179947,1179947.jpg,../data/raw/1179947.jpg,182,268,JPEG,dfebdec029c443a47eff0d0da6a400b6,0783a18b81055b5a,American: The Bill Hicks Story (2009),Documentary|Animation|Biography,['Animation']
118063,118063.jpg,../data/raw/118063.jpg,182,268,JPEG,26aae2a15013b3539e43a9b560cbf6df,f0f0f0cce8f2d270,Vampirella (1996),Action|Fantasy|Horror,"['Action', 'Horror']"
118114,118114.jpg,../data/raw/118114.jpg,182,268,JPEG,1fc8e49daf6b35858886f21284a1b15b,b31649713096f061,Wallace & Gromit: The Best of Aardman Animation (1996),Animation|Comedy|Family,"['Animation', 'Comedy']"
118138,118138.jpg,../data/raw/118138.jpg,182,268,JPEG,ad4028ed34a2f65f263ea41f32c94d82,a5d858e6f2317cce,Werner - Das muss kesseln!!! (1996),Action|Sci-Fi|Animation,"['Action', 'Animation']"
1181795,1181795.jpg,../data/raw/1181795.jpg,182,268,JPEG,6e8b5b4924b8d7754751f0e003bd5e4d,e6b60783f04a50d8,Bunraku (2010),Action|Drama|Fantasy,"['Action', 'Drama']"
1181840,1181840.jpg,../data/raw/1181840.jpg,182,268,JPEG,7bf56637c8a4f44891954c98149caef9,44949d8682b8b0b0,Jack et la mÌ©canique du coeur (2013),Animation|Adventure|Drama,"['Animation', 'Adventure', 'Drama']"
118248,118248.jpg,../data/raw/118248.jpg,182,268,JPEG,33fdbeb533c0d3e4ec81c592bdbeee7b,3d3838504569311b,"20,000 Leagues Under the Sea",Adventure|Romance|Sci-Fi,"['Adventure', 'Romance']"
1185834,1185834.jpg,../data/raw/1185834.jpg,182,268,JPEG,c3b228ceecacf363b6760015e2ddfe62,e2c8dc969e697161,Star Wars: The Clone Wars (2008),Animation|Action|Adventure,"['Animation', 'Action', 'Adventure']"
118615,118615.jpg,../data/raw/118615.jpg,182,268,JPEG,6955541dce6d648e27a794964d8d4b80,da8a11cccc12e070,Anaconda (1997),Action|Adventure|Horror,"['Action', 'Adventure', 'Horror']"
1186373,1186373.jpg,../data/raw/1186373.jpg,182,268,JPEG,c22f89642b3b20cb6065fabd2e15e38e,c6e8c6d6326cc9d2,Wonder Woman (2009),Animation|Action|Adventure,"['Animation', 'Action', 'Adventure']"
1186803,1186803.jpg,../data/raw/1186803.jpg,182,268,JPEG,b8460dae7b61f69806efdb3c5ade1663,f0e20d3960b6d692,Jiang shan mei ren (2008),Action|Drama|Romance,"['Action', 'Drama', 'Romance']"
118692,118692.jpg,../data/raw/118692.jpg,182,268,JPEG,21f37b2a9d7943a64dde3fe7003c1984,5933c6e363375753,Beauty and the Beast: The Enchanted Christmas (1997),Animation|Family|Fantasy,['Animation']
1188729,1188729.jpg,../data/raw/1188729.jpg,182,268,JPEG,f4ed19a3ddb9c87ce8a962cf1a02cf53,598725397a16e8f0,Pandorum (2009),Action|Horror|Mystery,"['Action', 'Horror']"
118912,118912.jpg,../data/raw/118912.jpg,182,268,JPEG,db4d1763542b17e9f5610815969ea932,270bb133ab4755f1,DNA (1996),Action|Horror|Sci-Fi,"['Action', 'Horror']"
119185,119185.jpg,../data/raw/119185.jpg,182,268,JPEG,58feb4530319adc7f86a2924685986b6,d8d62cececf8d8fc,Genå_å_ (2000),Animation|Action|Adventure,"['Animation', 'Action', 'Adventure']"
1191971,1191971.jpg,../data/raw/1191971.jpg,182,268,JPEG,cd24ad7922d4b7f87196532b0be3b4da,f39779696933ded6,Zone of the Dead (2009),Action|Horror,"['Action', 'Horror']"
1192628,1192628.jpg,../data/raw/1192628.jpg,182,268,JPEG,fc6034d8e8542383dfea7360e73a6a24,e8349f8cbc189c96,Rango (2011),Animation|Adventure|Comedy,"['Animation', 'Adventure', 'Comedy']"
119273,119273.jpg,../data/raw/119273.jpg,182,268,JPEG,70601e03c65a066a09163a903100add4,96969e1c2d9e2407,Heavy Metal 2000 (2000),Animation|Action|Adventure,"['Animation', 'Action', 'Adventure']"
119329,119329.jpg,../data/raw/119329.jpg,182,268,JPEG,792ce47170316502482f0334ce7b9a43,96a06ca7c75069d8,The Hunchback (1997),Drama|Horror|Romance,"['Drama', 'Horror', 'Romance']"
119346,119346.jpg,../data/raw/119346.jpg,182,268,JPEG,72d25da874d2ee60a84bf8098d212544,b0988ee4e8dcd0f2,I Married a Strange Person! (1997),Animation|Comedy|Drama,"['Animation', 'Comedy', 'Drama']"
1193627,1193627.jpg,../data/raw/1193627.jpg,182,268,JPEG,0a21fb5a3aaa3a3d23d2e9844e9f6f88,3f131cd0d0d154c7,Immigrants (L.A. Dolce Vita) (2008),Animation|Comedy,"['Animation', 'Comedy']"
119471,119471.jpg,../data/raw/119471.jpg,182,268,JPEG,1dcb4840699427511d699a6da6618357,3230928cb1f2e660,Kleines Arschloch (1997),Animation|Comedy,"['Animation', 'Comedy']"
119571,119571.jpg,../data/raw/119571.jpg,182,268,JPEG,d2453d0ca9d4fda2de81eb1e8e02d911,8d07178e0c1b71c8,The Love Bug,Animation|Action|Adventure,"['Animation', 'Action', 'Adventure']"
1196124,1196124.jpg,../data/raw/1196124.jpg,182,268,JPEG,398e898996ea332c2f115f21e208ebd6,c0c4cc4d6ceccccc,Blood Shot (2013),Action|Comedy|Horror,"['Action', 'Comedy', 'Horror']"
1198101,1198101.jpg,../data/raw/1198101.jpg,182,268,JPEG,ebc00fded39be3dd8c1de42dc92f65e3,c6830b662c3b2d4e,Kites (2010),Action|Drama|Romance,"['Action', 'Drama', 'Romance']"
119879,119879.jpg,../data/raw/119879.jpg,182,268,JPEG,665f53de5c3123f3595575f907bc5067,154d45d58c627973,Perdita Durango (1997),Action|Crime|Horror,"['Action', 'Horror']"
119947,119947.jpg,../data/raw/119947.jpg,182,268,JPEG,c3d7c5c8932c8c391a78e23dc6a08118,87c699992e191981,Prince Valiant (1997),Adventure|Fantasy|Romance,"['Adventure', 'Romance']"
120053,120053.jpg,../data/raw/120053.jpg,182,268,JPEG,b7a20abc48416cf65cc72d3bcd57c70c,a0cccecc8ccec686,The Saint (1997),Action|Adventure|Romance,"['Action', 'Adventure', 'Romance']"
120157,120157.jpg,../data/raw/120157.jpg,182,268,JPEG,2cc14f5c6583f61523f64f8a24ba11a2,e4c4ccd8d8f1d18f,Soldier (1998),Action|Drama|Sci-Fi,"['Action', 'Drama']"
120177,120177.jpg,../data/raw/120177.jpg,182,268,JPEG,5d6f0ebc221ba5ff4ea5c07ab7e38191,52c98c583170d8a4,Spawn (1997),Action|Horror,"['Action', 'Horror']"
120458,120458.jpg,../data/raw/120458.jpg,182,268,JPEG,00418ba28c1fe3f2505e9ab4a40ca1ea,c9d2ecd8b0e9f098,Virus (1999),Action|Horror|Thriller,"['Action', 'Horror']"
120610,120610.jpg,../data/raw/120610.jpg,182,268,JPEG,f52fc3f75d22f9318da5b6dabae7c8e1,fa86993b9bd1d187,Black Dog (1998),Action|Crime|Drama,"['Action', 'Drama']"
120647,120647.jpg,../data/raw/120647.jpg,182,268,JPEG,29719fc53f919ec7f94cf29a2c95bb79,048c80e0f0e0c0d0,Deep Impact (1998),Action|Drama|Romance,"['Action', 'Drama', 'Romance']"
1206541,1206541.jpg,../data/raw/1206541.jpg,182,268,JPEG,94954b4d418573d2f981f0f499a305a0,f8f8f4cedc683278,El delfÌ_n: La historia de un soÌ±ador (2009),Animation|Adventure|Family,"['Animation', 'Adventure']"
1206881,1206881.jpg,../data/raw/1206881.jpg,182,268,JPEG,8fd2e7d8801f7bac12a4deddddcfa54e,371f1733170f079d,The Bleeding (2009),Action|Horror,"['Action', 'Horror']"
120749,120749.jpg,../data/raw/120749.jpg,182,268,JPEG,650ebb1b5db011129d6f7ee54ab9588a,cc9c943060da9a22,Mercury Rising (1998),Action|Crime|Drama,"['Action', 'Drama']"
120768,120768.jpg,../data/raw/120768.jpg,182,268,JPEG,e5aa418fd6ab3c18ae4ade3c70155224,e8e8f272707871f0,The Negotiator (1998),Action|Crime|Drama,"['Action', 'Drama']"
120775,120775.jpg,../data/raw/120775.jpg,182,268,JPEG,3760b3d43f464025c08cdbb8a5264b89,94b8b8bc7979d4d8,One Man's Hero (1999),Action|Drama|History,"['Action', 'Drama']"
120784,120784.jpg,../data/raw/120784.jpg,182,268,JPEG,c86ba629bc56d962cd12dbd23d0dfc08,8fc499932dd3828a,Payback (1999),Action|Crime|Drama,"['Action', 'Drama']"
120794,120794.jpg,../data/raw/120794.jpg,182,268,JPEG,8de964a1f9f3170c6697416b4e461c01,f0d0d2d172d0c1e0,The Prince of Egypt (1998),Animation|Adventure|Drama,"['Animation', 'Adventure', 'Drama']"
120804,120804.jpg,../data/raw/120804.jpg,182,268,JPEG,24667d9ecccc3b91dacc5c6f53081da3,eef070e0a4f0e4d0,Resident Evil (2002),Action|Horror|Sci-Fi,"['Action', 'Horror']"
120805,120805.jpg,../data/raw/120805.jpg,182,268,JPEG,51896416d87d48454ce229d4ad3d0e9f,8492c0c378dedaf0,Modern Vampires (1998),Comedy|Horror|Romance,"['Comedy', 'Horror', 'Romance']"
120841,120841.jpg,../data/raw/120841.jpg,182,268,JPEG,5ab398b65ff37491310d0235e09b8665,e498387c99b8bcd6,Species II (1998),Action|Horror|Sci-Fi,"['Action', 'Horror']"
120877,120877.jpg,../data/raw/120877.jpg,182,268,JPEG,dd6c262c617d5a04f1c6d8c5097fa8cd,e97232f4d89232c8,Vampires (1998),Action|Horror|Thriller,"['Action', 'Horror']"
120907,120907.jpg,../data/raw/120907.jpg,182,268,JPEG,049428f722ef43df4361afe37caec702,593931723a383472,eXistenZ (1999),Action|Horror|Sci-Fi,"['Action', 'Horror']"
120913,120913.jpg,../data/raw/120913.jpg,182,268,JPEG,0a4ed38a3a184aadab459a441d01d970,9490e8c8c5e3f878,Titan A.E. (2000),Animation|Action|Adventure,"['Animation', 'Action', 'Adventure']"
121164,121164.jpg,../data/raw/121164.jpg,182,268,JPEG,0c05dc3d17dd50bd0e067e0bac41bd6a,f2f0f0e2e270f8f2,Corpse Bride (2005),Animation|Drama|Family,"['Animation', 'Drama']"
1212448,1212448.jpg,../data/raw/1212448.jpg,182,268,JPEG,6a0d655c8ba8efd4618721c6a5303f4a,9c9c5863d6e0c8e0,Tripping the Rift: The Movie (2008),Animation|Comedy|Sci-Fi,"['Animation', 'Comedy']"
1213012,1213012.jpg,../data/raw/1213012.jpg,182,268,JPEG,edefc8be8075f0d71aee825faf37eb91,94f2db1d0694b8b2,Alpha and Omega (2010),Animation|Adventure|Comedy,"['Animation', 'Adventure', 'Comedy']"
1214962,1214962.jpg,../data/raw/1214962.jpg,182,268,JPEG,74b9c4d24b79a24a9112eeb403e8c313,e6ce3e26e793fae2,Seeking Justice (2011),Action|Drama|Thriller,"['Action', 'Drama']"
1214983,1214983.jpg,../data/raw/1214983.jpg,182,268,JPEG,b3b3a8bfbba1bee4860449a0596281d9,21cccc94f1fcc861,Screamers: The Hunting (2009),Action|Horror|Sci-Fi,"['Action', 'Horror']"
1216475,1216475.jpg,../data/raw/1216475.jpg,182,268,JPEG,cf16db6dbd0e156aea6633fea3edb2e1,8f4d693ab3c8d49b,Cars 2 (2011),Animation|Adventure|Comedy,"['Animation', 'Adventure', 'Comedy']"
1216515,1216515.jpg,../data/raw/1216515.jpg,182,268,JPEG,a128e24287f43d09c7b184273702a5b7,76d6c0e464c69c8e,Tinker Bell and the Great Fairy Rescue (2010),Animation|Adventure|Family,"['Animation', 'Adventure']"
1216516,1216516.jpg,../data/raw/1216516.jpg,182,268,JPEG,8cd3f5a60ec79b4a26c911342d657405,e4ecb4e8c8623213,Tinker Bell and the Lost Treasure (2009),Animation|Adventure|Family,"['Animation', 'Adventure']"
1217043,1217043.jpg,../data/raw/1217043.jpg,182,268,JPEG,3b9f2975e7656a71bc1cee6db20d7718,472c0ccd6068697b,Kite Liberator (2007),Animation|Action|Crime,"['Animation', 'Action']"
1217209,1217209.jpg,../data/raw/1217209.jpg,182,268,JPEG,540a7e61d12a1f32a8c75a405eb46348,ffe38f9e2c3483e0,Brave (2012),Animation|Adventure|Comedy,"['Animation', 'Adventure', 'Comedy']"
1219342,1219342.jpg,../data/raw/1219342.jpg,182,268,JPEG,f93db1618c16ce9c39252c4b983fb49d,b1c2c0e2e2c9d2f2,Legend of the Guardians: The Owls of Ga'Hoole (2010),Animation|Action|Adventure,"['Animation', 'Action', 'Adventure']"
1219671,1219671.jpg,../data/raw/1219671.jpg,182,268,JPEG,c2a7e63e2742a7e9b51fc7098d30541e,e09088ecb6d696d8,Allan Quatermain and the Temple of Skulls (2008),Action|Adventure|Romance,"['Action', 'Adventure', 'Romance']"
1220634,1220634.jpg,../data/raw/1220634.jpg,182,268,JPEG,b756107b6edfdfe8ffb3f64697cbb7f3,dcd8ccece6e2e864,Resident Evil: Afterlife (2010),Action|Adventure|Horror,"['Action', 'Adventure', 'Horror']"
122494,122494.jpg,../data/raw/122494.jpg,182,268,JPEG,c39d4148875db5f1879221de62ee8112,7ce8b419b8371f07,How the Toys Saved Christmas (1996),Animation|Adventure|Family,"['Animation', 'Adventure']"
1230204,1230204.jpg,../data/raw/1230204.jpg,182,268,JPEG,e29d626a655b95b8609b0aa25800b16d,d25dd032f0f0e1e2,Sammy's avonturen: De geheime doorgang (2010),Animation|Adventure|Family,"['Animation', 'Adventure']"
1231580,1231580.jpg,../data/raw/1231580.jpg,182,268,JPEG,d4aa70d5317072797740f5ed62327741,968e070113332717,Alvin and the Chipmunks: The Squeakquel (2009),Animation|Comedy|Family,"['Animation', 'Comedy']"
123179,123179.jpg,../data/raw/123179.jpg,182,268,JPEG,35655db5f7c50cd96459ff081d93cfc5,6333193df7331f8e,Mister Magoo's Christmas Carol (1962),Animation|Comedy|Drama,"['Animation', 'Comedy', 'Drama']"
1235827,1235827.jpg,../data/raw/1235827.jpg,182,268,JPEG,af693e78bf1be279509273b31e30faaf,f2ac989c9eae2c2b,"Boogie, el aceitoso (2009)",Animation|Action|Crime,"['Animation', 'Action']"
1235830,1235830.jpg,../data/raw/1235830.jpg,182,268,JPEG,603be756a3d001a003eedb5a4bdfe6c5,353a595df99513eb,Chico & Rita (2010),Animation|Crime|Drama,"['Animation', 'Drama']"
1235837,1235837.jpg,../data/raw/1235837.jpg,182,268,JPEG,7f798502ff327f767c95e4a413db1012,67551f0796272d71,Happily N'Ever After 2 (2009),Animation|Adventure|Comedy,"['Animation', 'Adventure', 'Comedy']"
1236370,1236370.jpg,../data/raw/1236370.jpg,182,268,JPEG,b2646d45aad2c8a7e6f9274221679c4e,481e86c400024438,Long nga (2008),Action|Romance|Thriller,"['Action', 'Romance']"
123950,123950.jpg,../data/raw/123950.jpg,182,268,JPEG,52e355561584cb0a67bf6fc60ea16650,e9e0e09c73d2d93b,The Land Before Time V: The Mysterious Island (1997),Animation|Adventure|Family,"['Animation', 'Adventure']"
1241018,1241018.jpg,../data/raw/1241018.jpg,182,268,JPEG,3a2dd641fa71bd64802abf2e17952038,8af42b8f4c9ce4e8,Silent Venom (2009),Action|Horror|Sci-Fi,"['Action', 'Horror']"
1242599,1242599.jpg,../data/raw/1242599.jpg,182,268,JPEG,f3f5c17c3122b1ce2ff8613d8e09888b,0a11593333075523,Bellflower (2011),Action|Drama|Romance,"['Action', 'Drama', 'Romance']"
1243957,1243957.jpg,../data/raw/1243957.jpg,182,268,JPEG,6787ddc93b0873b2050b73fd761417ab,747ce9e4e43fa361,The Tourist (2010),Action|Romance|Thriller,"['Action', 'Romance']"
1245104,1245104.jpg,../data/raw/1245104.jpg,182,268,JPEG,e2aa45ee02d167750edc97df376736ea,ce9abbeaccc38272,Presto (2008),Animation|Short|Comedy,"['Animation', 'Comedy']"
1247184,1247184.jpg,../data/raw/1247184.jpg,182,268,JPEG,d131681537db17f111adda16d24119cd,3e5c5cfcfcdcb3f2,El empleo (2008),Animation|Short|Comedy,"['Animation', 'Comedy']"
124770,124770.jpg,../data/raw/124770.jpg,182,268,JPEG,3950afe14ea05d62d54e214bad3b094b,ccb40e37537133db,KidÌ« keisatsu patorebÌ¢: The Movie 2 (1993),Animation|Action|Drama,"['Animation', 'Action', 'Drama']"
1251368,1251368.jpg,../data/raw/1251368.jpg,182,268,JPEG,4849c74922642f8586624b2ae04ae079,de8787cfc72cb0a0,Assault of the Sasquatch (2009),Action|Horror,"['Action', 'Horror']"
1251743,1251743.jpg,../data/raw/1251743.jpg,182,268,JPEG,7c68ef0a8963cf59c08f808e6686bf81,c82a49c2468d3961,Salvation Boulevard (2011),Action|Comedy|Drama,"['Action', 'Comedy', 'Drama']"
1253864,1253864.jpg,../data/raw/1253864.jpg,182,268,JPEG,aa026a6f055be3b1447ef5f7b6d53e4b,e9e8f0f8d8e9dbbd,Immortals (2011),Action|Drama|Fantasy,"['Action', 'Drama']"
1254207,1254207.jpg,../data/raw/1254207.jpg,182,268,JPEG,295a348fbde2fa6b0df865240d6b57fa,0f0e6b2b27490f96,Big Buck Bunny (2008),Animation|Short|Comedy,"['Animation', 'Comedy']"
1254956,1254956.jpg,../data/raw/1254956.jpg,182,268,JPEG,b99ad0fec0a055b35bb6120edf4c6ce4,b0b036349410d0c0,From Inside (2008),Animation|Horror,"['Animation', 'Horror']"
1259998,1259998.jpg,../data/raw/1259998.jpg,182,268,JPEG,ea2be5ce4c179cc848d25d8cb55ee0ee,3424949666665b32,Next Avengers: Heroes of Tomorrow (2008),Animation|Action|Family,"['Animation', 'Action']"
1261046,1261046.jpg,../data/raw/1261046.jpg,182,268,JPEG,3d199fdcbe1d5db7fc8c49568641e794,e0ec28700e147107,Death Racers (2008),Action|Comedy|Horror,"['Action', 'Comedy', 'Horror']"
1261862,1261862.jpg,../data/raw/1261862.jpg,182,268,JPEG,3977f56adf638342eceb27b13c679dcd,27e4d967a54c1527,The Killing Machine (2010),Action|Drama|Thriller,"['Action', 'Drama']"
1262406,1262406.jpg,../data/raw/1262406.jpg,182,268,JPEG,4bc8eab99ab9b5754e82734d97338347,cc98bc34303c3531,Fading of the Cries (2008),Action|Fantasy|Horror,"['Action', 'Horror']"
1265998,1265998.jpg,../data/raw/1265998.jpg,182,268,JPEG,3d420807deba7a08b3714d16185da3a8,8b0b099523270763,Afro Samurai: Resurrection (2009),Animation|Action|Adventure,"['Animation', 'Action', 'Adventure']"
1267379,1267379.jpg,../data/raw/1267379.jpg,182,268,JPEG,6348357b2ca4e89a71bac3821cb23d1d,ccc0c0e333ffc7c7,Dead Space: Downfall (2008),Animation|Horror|Sci-Fi,"['Animation', 'Horror']"
1268809,1268809.jpg,../data/raw/1268809.jpg,182,268,JPEG,e4a7b0e5df5df1c21460b13b4d8e7740,3a72ececfae8cfce,Night of the Demons (2009),Action|Comedy|Horror,"['Action', 'Comedy', 'Horror']"
1270114,1270114.jpg,../data/raw/1270114.jpg,182,268,JPEG,ccd98d77d48c37852d0e3deb053f6a6e,5c528325e7912086,Saints and Soldiers: The Void (2014),Action|Drama|War,"['Action', 'Drama']"
1272051,1272051.jpg,../data/raw/1272051.jpg,182,268,JPEG,f796db4989b81bc45e13655334e9de47,d1d46e6625848cf0,Space Dogs (2010),Animation|Adventure|Comedy,"['Animation', 'Adventure', 'Comedy']"
127322,127322.jpg,../data/raw/127322.jpg,182,268,JPEG,ce7c5f063326dd7d8680911c97b2d62a,611b1ccc8ecd4d4c,Toothless,Animation|Action|Adventure,"['Animation', 'Action', 'Adventure']"
127710,127710.jpg,../data/raw/127710.jpg,182,268,JPEG,cbf0fd0aa725ef2543fbd26d8cafd813,a98cc7b18693c85c,The Old Lady and the Pigeons (1997),Animation|Short|Comedy,"['Animation', 'Comedy']"
1277953,1277953.jpg,../data/raw/1277953.jpg,182,268,JPEG,0ce74148adb138b3cf840dd7f71b60bd,938cf4b3595e9232,Madagascar 3: Europe's Most Wanted (2012),Animation|Adventure|Comedy,"['Animation', 'Adventure', 'Comedy']"
1282036,1282036.jpg,../data/raw/1282036.jpg,182,268,JPEG,244c595a656f71f67c6292ed3791c464,043ca425a94a8ada,Dead Fury (2008),Animation|Action|Comedy,"['Animation', 'Action', 'Comedy']"
1288461,1288461.jpg,../data/raw/1288461.jpg,182,268,JPEG,6b57e4612b7f46fbc36d44e3cf5e477e,6893650cb45a7343,GekijÌ« ban Tengen toppa guren ragan: Guren hen (2008),Animation|Action|Comedy,"['Animation', 'Action', 'Comedy']"
128996,128996.jpg,../data/raw/128996.jpg,182,268,JPEG,705d888bd4c707cbb62b11038f9a34f3,e9c921158e4c74a1,Cinderella,Animation|Action|Adventure,"['Animation', 'Action', 'Adventure']"
129167,129167.jpg,../data/raw/129167.jpg,182,268,JPEG,f73dc81e7349d658bd72db4b760e526b,88bb8e08646cb1b0,The Iron Giant (1999),Animation|Action|Adventure,"['Animation', 'Action', 'Adventure']"
1302011,1302011.jpg,../data/raw/1302011.jpg,182,268,JPEG,93539b218019e9ba5f20f9dc2acc4e4d,c89e93decc8c8e96,Kung Fu Panda 2 (2011),Animation|Action|Adventure,"['Animation', 'Action', 'Adventure']"
1302067,1302067.jpg,../data/raw/1302067.jpg,182,268,JPEG,c33102ffe897720356b9041f099c543c,d89814d41c1de2c4,Yogi Bear (2010),Animation|Adventure|Comedy,"['Animation', 'Adventure', 'Comedy']"
1303829,1303829.jpg,../data/raw/1303829.jpg,182,268,JPEG,33eacdbe9006538f00901ae05b3425ad,00958eccdef3bba8,Diverted (2009),Action|Drama,"['Action', 'Drama']"
1305591,1305591.jpg,../data/raw/1305591.jpg,182,268,JPEG,7450b94d4466f37b83381c7764153d6c,e0a0e1e0cccce2e0,Mars Needs Moms (2011),Animation|Adventure|Family,"['Animation', 'Adventure']"
1305797,1305797.jpg,../data/raw/1305797.jpg,182,268,JPEG,df98bbef7a0abfc9d8b382b7369f34c0,844449d059d0b671,Enthiran (2010),Action|Drama|Romance,"['Action', 'Drama', 'Romance']"
1308138,1308138.jpg,../data/raw/1308138.jpg,182,268,JPEG,2ac68abd072ef175439fb46bb2037e0f,3097f0ecec6c1c21,Mulan: Rise of a Warrior (2009),Adventure|Drama|Romance,"['Adventure', 'Drama', 'Romance']"
1316037,1316037.jpg,../data/raw/1316037.jpg,182,268,JPEG,7bf833dde9ca67c30d6a0f5c30fabadb,3171494b57570607,Birdemic: Shock and Terror (2010),Horror|Romance|Thriller,"['Horror', 'Romance']"
131636,131636.jpg,../data/raw/131636.jpg,182,268,JPEG,d7e1aa77fc9e2b5437d9d28410caa2da,37c22a3bc9cee6a6,The Little Fox (1981),Animation|Adventure|Family,"['Animation', 'Adventure']"
1321869,1321869.jpg,../data/raw/1321869.jpg,182,268,JPEG,e96c95acc589530bcca1a503fee91d91,734bdb9d141892d0,The Lovers (2013),Action|Adventure|Romance,"['Action', 'Adventure', 'Romance']"
1322277,1322277.jpg,../data/raw/1322277.jpg,182,268,JPEG,6b377713b76091e4edee8f5e16c65cb3,3326380d4cd4f078,The Assailant (2009),Action|Biography|Drama,"['Action', 'Drama']"
1323520,1323520.jpg,../data/raw/1323520.jpg,182,268,JPEG,216f881d8861d7ce99fcd731396e524f,7c4c243c2666d79b,French Roast (2008),Animation|Short,['Animation']
1323594,1323594.jpg,../data/raw/1323594.jpg,182,268,JPEG,d37079211b120640ed85a67e9181c6b6,b6c849c8680c8fb5,Despicable Me (2010),Animation|Adventure|Comedy,"['Animation', 'Adventure', 'Comedy']"
132451,132451.jpg,../data/raw/132451.jpg,182,268,JPEG,844ba38d46aaa79422858ffa527c158b,f8f0ccaabff0f0ec,Curse of the Puppet Master (1998),Fantasy|Horror|Romance,"['Horror', 'Romance']"
1325753,1325753.jpg,../data/raw/1325753.jpg,182,268,JPEG,e9a7b99de9a6619f839dad81aea77495,b310ee6e2dd96e2d,Hulk Vs. (2009),Animation|Action|Adventure,"['Animation', 'Action', 'Adventure']"
1332134,1332134.jpg,../data/raw/1332134.jpg,182,268,JPEG,8a3a91de15444ff3ff4e879744478208,2c91d8cc30213692,Kongen av BastÌüy (2010),Action|Drama,"['Action', 'Drama']"
1339238,1339238.jpg,../data/raw/1339238.jpg,182,268,JPEG,1beeec83facd88603f2248957efb005e,7131b0f0e4e9781b,Sekirei,Animation|Action|Comedy,"['Animation', 'Action', 'Comedy']"
1340803,1340803.jpg,../data/raw/1340803.jpg,182,268,JPEG,e3dc253f6a9f0be996d5d178e18650cb,b013337b1b2fb2f0,Cheech & Chong's Animated Movie (2013),Animation|Comedy,"['Animation', 'Comedy']"
1343712,1343712.jpg,../data/raw/1343712.jpg,182,268,JPEG,3635c342d24ff571a4389a93a214d425,f48c97b1b1f6d649,First Squad: The Moment of Truth (2009),Animation|Action|Drama,"['Animation', 'Action', 'Drama']"
1346961,1346961.jpg,../data/raw/1346961.jpg,182,268,JPEG,333de36c01d37367bcaf534c58f237f5,c0c0270b1b93d0d8,The Eclipse (2009),Drama|Horror|Romance,"['Drama', 'Horror', 'Romance']"
1350512,1350512.jpg,../data/raw/1350512.jpg,182,268,JPEG,155cb7ea66d74bde5ef20c3012fee6dd,b0b073f070b0d441,The Terminators (2009),Action|Horror|Sci-Fi,"['Action', 'Horror']"
1355638,1355638.jpg,../data/raw/1355638.jpg,182,268,JPEG,698adbf581587abf8c239334433a6c9d,97979b87978b9b87,Le chat du rabbin (2011),Animation|Comedy|Fantasy,"['Animation', 'Comedy']"
1361566,1361566.jpg,../data/raw/1361566.jpg,182,268,JPEG,a2d0b804c6435b891428544b4abbe564,4f374c0e0d4d30c8,The House of Small Cubes (2008),Animation|Short|Drama,"['Animation', 'Drama']"
136199,136199.jpg,../data/raw/136199.jpg,182,268,JPEG,c828a0e50d841e71b84d199217ac7d6c,f8f362d6c309c313,Flash,Animation|Action|Adventure,"['Animation', 'Action', 'Adventure']"
136244,136244.jpg,../data/raw/136244.jpg,182,268,JPEG,9eaf05f59578b4c59076833c837474f9,a2885276b490184c,Hideous Kinky (1998),Adventure|Drama|Romance,"['Adventure', 'Drama', 'Romance']"
137226,137226.jpg,../data/raw/137226.jpg,182,268,JPEG,7b8eec84708025861499f7097026edf3,b023629c16f0f2d6,The Treasure of Swamp Castle (1985),Animation|Adventure|Romance,"['Animation', 'Adventure', 'Romance']"
1372301,1372301.jpg,../data/raw/1372301.jpg,182,268,JPEG,05e20778fda7c31eb5936ac1ff3ca16d,988c317131360c9c,Technotise - Edit i ja (2009),Animation|Drama|Sci-Fi,"['Animation', 'Drama']"
137494,137494.jpg,../data/raw/137494.jpg,182,268,JPEG,588fb8205ce2e6582edcee86c14bb2f9,1010d47630185aca,Entrapment (1999),Action|Crime|Romance,"['Action', 'Romance']"
1374985,1374985.jpg,../data/raw/1374985.jpg,182,268,JPEG,452ed5fed71851552b7aa2cf25f3fb21,32e0f0f1f21ac8c4,Alois Nebel (2011),Animation|Drama,"['Animation', 'Drama']"
1374989,1374989.jpg,../data/raw/1374989.jpg,182,268,JPEG,4f7be40efcfa63a9e1345f78965e9105,aa83aceccc46f0e0,Pride and Prejudice and Zombies (2016),Action|Horror|Romance,"['Action', 'Horror', 'Romance']"
138068,138068.jpg,../data/raw/138068.jpg,182,268,JPEG,ba256d6af24d81d3a5bff0b1c1cca454,b1f9e83a168d0d23,Ruby Bridges,Animation|Action|Adventure,"['Animation', 'Action', 'Adventure']"
1384590,1384590.jpg,../data/raw/1384590.jpg,182,268,JPEG,7a4b0c9ddaf96b694770fcadcd9303fd,beacf3bab0e4f0a3,Green Lantern: First Flight (2009),Animation|Action|Adventure,"['Animation', 'Action', 'Adventure']"
1384927,1384927.jpg,../data/raw/1384927.jpg,182,268,JPEG,1683a65d29359cb4dc34f65a51a37fba,2a1c8792898b5901,Death of a Superhero (2011),Animation|Drama,"['Animation', 'Drama']"
1389762,1389762.jpg,../data/raw/1389762.jpg,182,268,JPEG,ce25eecd2808233236c00bcda9da7c9a,aa2c02e244c4f4f0,Garfield's Pet Force (2009),Animation|Action|Comedy,"['Animation', 'Action', 'Comedy']"
1391579,1391579.jpg,../data/raw/1391579.jpg,182,268,JPEG,0b370e36494f00eddfa2727410f4cc00,96d4940c94c6e6f4,The Dark Lurking (2009),Action|Horror|Sci-Fi,"['Action', 'Horror']"
139465,139465.jpg,../data/raw/139465.jpg,182,268,JPEG,70b0ec39d69cc0867ba5b7070e62ee92,c0c0988cd8cce478,The Minion (1998),Action|Fantasy|Horror,"['Action', 'Horror']"
1401113,1401113.jpg,../data/raw/1401113.jpg,182,268,JPEG,4de70230571c3112d2ab56b083b9c07d,70b2b8ccccced4f0,Dante's Inferno: An Animated Epic (2010),Animation|Action|Adventure,"['Animation', 'Action', 'Adventure']"
1402488,1402488.jpg,../data/raw/1402488.jpg,182,268,JPEG,c218d36fb33c75191c4d1b45233e402e,ce4b6d999bde6361,Happy Feet Two (2011),Animation|Comedy|Family,"['Animation', 'Comedy']"
1403241,1403241.jpg,../data/raw/1403241.jpg,182,268,JPEG,4d24eeb0b949e932116f4ccf629448eb,aef6f6eeccccccf8,Wolves (2014),Action|Horror,"['Action', 'Horror']"
1403987,1403987.jpg,../data/raw/1403987.jpg,182,268,JPEG,305470a72dd465ce23145277ba1fda4e,3f1f4d0c0b4d4d71,Rage (2010),Action|Drama|Horror,"['Action', 'Drama', 'Horror']"
1407052,1407052.jpg,../data/raw/1407052.jpg,182,268,JPEG,ae18cd5cdb4f3f6800d13711cff14015,69597d2d25392555,Arrugas (2011),Animation|Drama,"['Animation', 'Drama']"
1407084,1407084.jpg,../data/raw/1407084.jpg,182,268,JPEG,89c6104ac77bad411628b506ea25997c,65cd670d5d615b5a,Twelve (2010),Action|Crime|Drama,"['Action', 'Drama']"
140883,140883.jpg,../data/raw/140883.jpg,182,268,JPEG,988b3d8760802364f2557480d45d52ec,ecf4f2d99cce4c2c,Casper Meets Wendy (1998),Animation|Adventure|Comedy,"['Animation', 'Adventure', 'Comedy']"
1409798,1409798.jpg,../data/raw/1409798.jpg,182,268,JPEG,4e24e0058aed8743b048628c66d9a1f0,fe660e1ed0f91f96,Exit to Hell (2013),Action|Horror|Thriller,"['Action', 'Horror']"
1411232,1411232.jpg,../data/raw/1411232.jpg,182,268,JPEG,2295c97838d7cdb7c792bb5de0f6fbb2,a8bcfcfedc38585f,Night Wolf (2010),Action|Horror|Thriller,"['Action', 'Horror']"
1411704,1411704.jpg,../data/raw/1411704.jpg,182,268,JPEG,7db508c423c0990100f03d39e059c4ec,35164d73e4a6a262,Hop (2011),Animation|Adventure|Comedy,"['Animation', 'Adventure', 'Comedy']"
1418712,1418712.jpg,../data/raw/1418712.jpg,182,268,JPEG,0fbfc29fb94e87b6e919d18b5eb5411b,7198d858dcf0f4f4,Outpost: Black Sun (2012),Action|Horror|Sci-Fi,"['Action', 'Horror']"
142233,142233.jpg,../data/raw/142233.jpg,182,268,JPEG,09a3b606540770bd3c2c24323ccc83ba,86c472daec70f096,Dragon Ball Z: Tree of Might (1990),Animation|Action|Adventure,"['Animation', 'Action', 'Adventure']"
142234,142234.jpg,../data/raw/142234.jpg,182,268,JPEG,a6a73556169ccd0a6c2faeab5859da9f,0edc404c2bad6dcc,Doragon bÌ«ru Z: SÌÈpÌ¢ senshi gekiha! Katsu no wa ore da (1994),Animation|Action|Sci-Fi,"['Animation', 'Action']"
142235,142235.jpg,../data/raw/142235.jpg,182,268,JPEG,c61f8d1a2949945a11ed1407e9c62c41,86d83a964d0e99b0,Dragon Ball Z: Dead Zone (1989),Animation|Short|Action,"['Animation', 'Action']"
142236,142236.jpg,../data/raw/142236.jpg,182,268,JPEG,93a731a9170a0930d903c4b88259c86a,96d4b0c485252cba,Dragon Ball Z: Fusion Reborn (1995),Animation|Action|Sci-Fi,"['Animation', 'Action']"
142237,142237.jpg,../data/raw/142237.jpg,182,268,JPEG,815a5df1a94d560442ea545a60d5317b,dedf6c582a5c4f0f,Dragon Ball Z: The Return of Cooler (1992),Animation|Action|Fantasy,"['Animation', 'Action']"
142238,142238.jpg,../data/raw/142238.jpg,182,268,JPEG,e367870ac6e84e1d0e73c1cfad1ed641,deccedec88c6e2f0,Dragon Ball Z: Bojack Unbound (1993),Animation|Action,"['Animation', 'Action']"
142240,142240.jpg,../data/raw/142240.jpg,182,268,JPEG,37b2f709e2beac29607a8f0077721269,83730e9ac32d3b5e,Dragon Ball Z: The World's Strongest (1990),Animation|Action|Adventure,"['Animation', 'Action', 'Adventure']"
142241,142241.jpg,../data/raw/142241.jpg,182,268,JPEG,14ceba0caa90e7af74ab2b3ce28affb1,eece8677d6c9a5d6,Dragon Ball Z: Super Android 13 (1992),Animation|Action|Sci-Fi,"['Animation', 'Action']"
142242,142242.jpg,../data/raw/142242.jpg,182,268,JPEG,7f43cfc3e56afea1e513ac3a6844c1e5,9e5ed2b8340c8c8e,Dragon Ball Z: Broly - The Legendary Super Saiyan (1993),Animation|Action|Sci-Fi,"['Animation', 'Action']"
142243,142243.jpg,../data/raw/142243.jpg,182,268,JPEG,9b310acafa3a8389a01a9e21cb00b4c8,9eccf9cccaa88c48,Dragon Ball Z: Wrath of the Dragon (1995),Animation|Action|Sci-Fi,"['Animation', 'Action']"
142244,142244.jpg,../data/raw/142244.jpg,182,268,JPEG,04936958d904ada4c68eced7b7c11bcf,da9e6cf3b3f1fc86,Dragon Ball Z: Lord Slug (1991),Animation|Action|Fantasy,"['Animation', 'Action']"
142245,142245.jpg,../data/raw/142245.jpg,182,268,JPEG,113d17781bf3683da155ef80c11f6a63,9eeeb23a3e8f1bbd,Dragon Ball Z: Bardock - The Father of Goku (1990),Animation|Drama|Fantasy,"['Animation', 'Drama']"
142248,142248.jpg,../data/raw/142248.jpg,182,268,JPEG,dc1a24712f6cf59046ceb99d0bea5c66,83b3368d06247dc3,Doragon bÌ«ru: Makafushigi dai bÌ«ken (1988),Animation|Action|Adventure,"['Animation', 'Action', 'Adventure']"
142249,142249.jpg,../data/raw/142249.jpg,182,268,JPEG,07655fa8b73d9b1f93700a0841ad565c,6961717168dcb436,Dragon Ball: Sleeping Princess in Devil's Castle (1987),Animation|Action|Adventure,"['Animation', 'Action', 'Adventure']"
142250,142250.jpg,../data/raw/142250.jpg,182,268,JPEG,3c8ed13a0939b57667cd5a1cf52e2bd5,d3e63a6ecce653f7,Doragon bÌ«ru: SaikyÌ« e no michi (1996),Animation|Action|Adventure,"['Animation', 'Action', 'Adventure']"
1422651,1422651.jpg,../data/raw/1422651.jpg,182,268,JPEG,c543333aaefb79d8df4961a5a3693ed2,d493ba792ee48eb4,GekijÌ« ban Tengen toppa guren ragan: Ragan hen (2009),Animation|Drama,"['Animation', 'Drama']"
142371,142371.jpg,../data/raw/142371.jpg,182,268,JPEG,113face6fc82d983efed316f810dec86,bbca0c9dcb078bc3,Fist of the North Star (1986),Animation|Action|Drama,"['Animation', 'Action', 'Drama']"
1425928,1425928.jpg,../data/raw/1425928.jpg,182,268,JPEG,6140fb0d7423d9f60abdcc8134e769a6,e9ec6c6cbaf0692b,KyÌÈketsu ShÌ«jo tai ShÌ«jo Furanken (2009),Action|Comedy|Horror,"['Action', 'Comedy', 'Horror']"
1427298,1427298.jpg,../data/raw/1427298.jpg,182,268,JPEG,fa0eedd87e3222d815d9e151f34dafad,cc5b674b8e4d5da6,The Human Race (2013),Action|Horror|Sci-Fi,"['Action', 'Horror']"
1428538,1428538.jpg,../data/raw/1428538.jpg,182,268,JPEG,7e01354c7e5097e2f7b78640b831ab91,f44a3b8e2757d6b6,Hansel & Gretel: Witch Hunters (2013),Action|Fantasy|Horror,"['Action', 'Horror']"
1430607,1430607.jpg,../data/raw/1430607.jpg,182,268,JPEG,6f64f16703be4718cc747d4e8dd249f4,1b0c8f17071b0f07,Arthur Christmas (2011),Animation|Adventure|Comedy,"['Animation', 'Adventure', 'Comedy']"
143127,143127.jpg,../data/raw/143127.jpg,182,268,JPEG,dc623d4240c12225366d84003b1936b3,a4aab5958c5c1527,Batman & Mr. Freeze: SubZero (1998),Animation|Action|Crime,"['Animation', 'Action']"
1432078,1432078.jpg,../data/raw/1432078.jpg,182,268,JPEG,33a9d2890583dff83861871f3ba19003,d929339b89911f1a,Chilgeup gongmuwon (2009),Action|Comedy|Romance,"['Action', 'Comedy', 'Romance']"
1433540,1433540.jpg,../data/raw/1433540.jpg,182,268,JPEG,89cb7b4288af94f27c59ca20c03561af,cdca9a0f4bc0f274,Panique au village (2009),Animation|Adventure|Comedy,"['Animation', 'Adventure', 'Comedy']"
1436562,1436562.jpg,../data/raw/1436562.jpg,182,268,JPEG,6484c3f26457f5079dacd6779bacbc8e,79c88c25250f7736,Rio (2011),Animation|Adventure|Comedy,"['Animation', 'Adventure', 'Comedy']"
143808,143808.jpg,../data/raw/143808.jpg,182,268,JPEG,98252dd5decad29fb6fd8b3a91aa02b9,0f2a14b6b0d03001,Pocahontas II: Journey to a New World (1998),Animation|Adventure|Drama,"['Animation', 'Adventure', 'Drama']"
1438173,1438173.jpg,../data/raw/1438173.jpg,182,268,JPEG,54c4d00322a28b6d0f70aa2976149e7f,96b235f496547993,Bait (2012),Action|Horror|Sci-Fi,"['Action', 'Horror']"
144095,144095.jpg,../data/raw/144095.jpg,182,268,JPEG,96c8b7dabb3986b22e8380ea7f817762,a6e2493b663696bc,Battle Arena Toshinden (1996),Animation|Action,"['Animation', 'Action']"
1446192,1446192.jpg,../data/raw/1446192.jpg,182,268,JPEG,9a3aa94cb667d0f47139c72e65037c57,f8e4e2e2c6b6d0f0,Rise of the Guardians (2012),Animation|Adventure|Family,"['Animation', 'Adventure']"
1449283,1449283.jpg,../data/raw/1449283.jpg,182,268,JPEG,1a9d69d932c54b2e4e8ad323d535f6da,80d87c7c8010000d,Winnie the Pooh (2011),Animation|Adventure|Comedy,"['Animation', 'Adventure', 'Comedy']"
1453242,1453242.jpg,../data/raw/1453242.jpg,182,268,JPEG,04b4e98515597c7969a8d18b42b42e4d,6978def3b91ef0fc,Corto Maltese - Sous le signe du capricorne (2002),Animation|Action|Adventure,"['Animation', 'Action', 'Adventure']"
1453405,1453405.jpg,../data/raw/1453405.jpg,182,268,JPEG,69fb91d4ffc2d01020191932d221034d,cc2675d98c286894,Monsters University (2013),Animation|Adventure|Comedy,"['Animation', 'Adventure', 'Comedy']"
1455209,1455209.jpg,../data/raw/1455209.jpg,182,268,JPEG,c1fe76d2c58ba262bfb61b7202415281,9c9ccace6078d896,Live Music (2009),Animation|Short,['Animation']
1460738,1460738.jpg,../data/raw/1460738.jpg,182,268,JPEG,c056b98caa2fb5db1616c586e4046515,cdccc1c3d3c0c817,Higashi no Eden Gekijoban I: The King of Eden (2009),Animation|Action|Comedy,"['Animation', 'Action', 'Comedy']"
1462677,1462677.jpg,../data/raw/1462677.jpg,182,268,JPEG,3e3cd28fdd5d73441ddf1c7cea176812,e8ccd0d1e4b2c861,Zombie Reanimation (2009),Action|Comedy|Horror,"['Action', 'Comedy', 'Horror']"
1468321,1468321.jpg,../data/raw/1468321.jpg,182,268,JPEG,3f4439ff4f5d192631764a34f2b8f8b4,0113fb7331336c2c,Higashi no Eden GekijÌ«ban II: Paradise Lost (2010),Animation|Mystery|Thriller,['Animation']
1468322,1468322.jpg,../data/raw/1468322.jpg,182,268,JPEG,33ea1b56f2e6d1a51cd44ce2436008f0,234b4c9473cecc29,Hottarake no shima - Haruka to maho no kagami (2009),Animation|Action|Adventure,"['Animation', 'Action', 'Adventure']"
1470023,1470023.jpg,../data/raw/1470023.jpg,182,268,JPEG,bb66c762562ebeb014194b7ddcb8b0fc,f0f8e8d88a72c4a6,MacGruber (2010),Action|Comedy|Romance,"['Action', 'Comedy', 'Romance']"
1472122,1472122.jpg,../data/raw/1472122.jpg,182,268,JPEG,b617bb6d711751b4630c8a3a494100f1,dcc8b2d2c80887f1,Dante's Hell Animated (2013),Animation|Short,['Animation']
1473345,1473345.jpg,../data/raw/1473345.jpg,182,268,JPEG,09279cf436442105ae17bd5e6278b38d,993c6ccf35964ea6,Bionicle: The Legend Reborn (2009),Animation|Action|Adventure,"['Animation', 'Action', 'Adventure']"
1474276,1474276.jpg,../data/raw/1474276.jpg,182,268,JPEG,7486021e99870a64005023e0a479c059,49291b4f4f0e4d61,Summer Wars (2009),Animation|Action|Comedy,"['Animation', 'Action', 'Comedy']"
1477109,1477109.jpg,../data/raw/1477109.jpg,182,268,JPEG,298ab3978ef14020a091e76380758adb,c68021525a88ccff,Space Battleship Yamato (2010),Action|Adventure|Drama,"['Action', 'Adventure', 'Drama']"
147926,147926.jpg,../data/raw/147926.jpg,182,268,JPEG,bb5471f5de579a6f044db24b5c6e55b2,f0caebd8d2b43466,The Brave Little Toaster Goes to Mars (1998),Animation|Adventure|Family,"['Animation', 'Adventure']"
1480660,1480660.jpg,../data/raw/1480660.jpg,182,268,JPEG,18871580fcccd3c8104ab3518c6c3fc8,2b04727898eef627,Halo Legends (2010),Animation|Action|Sci-Fi,"['Animation', 'Action']"
1482459,1482459.jpg,../data/raw/1482459.jpg,182,268,JPEG,36d41f23fa2cc0027a375e416a7ce88f,c769eccc23d8d0f0,The Lorax (2012),Animation|Adventure|Comedy,"['Animation', 'Adventure', 'Comedy']"
1482967,1482967.jpg,../data/raw/1482967.jpg,182,268,JPEG,acf08bf841d701574f15c467868114cd,034769d5d7e91f0e,Monsters vs Aliens: Mutant Pumpkins from Outer Space (2009),Animation|Short|Comedy,"['Animation', 'Comedy']"
1483025,1483025.jpg,../data/raw/1483025.jpg,182,268,JPEG,122f4703ece694a155efe000cdfbc398,d195c8d491890f33,Planet Hulk (2010),Animation|Action|Adventure,"['Animation', 'Action', 'Adventure']"
1483797,1483797.jpg,../data/raw/1483797.jpg,182,268,JPEG,f4915e6606145940ee04724869e5c51e,f0bcd6d74b6de5e0,Redline (2009),Animation|Action|Sci-Fi,"['Animation', 'Action']"
1483803,1483803.jpg,../data/raw/1483803.jpg,182,268,JPEG,0995e161fe8de740b00ebae396532cd8,e88e23e8e0d818ec,Stargate SG-1: Children of the Gods - Final Cut (2009),Action|Adventure|Drama,"['Action', 'Adventure', 'Drama']"
1486193,1486193.jpg,../data/raw/1486193.jpg,182,268,JPEG,071979a25641476d93263fbab10c9a3d,d0d654d8da565757,5 Days of War (2011),Action|Drama|War,"['Action', 'Drama']"
1487931,1487931.jpg,../data/raw/1487931.jpg,182,268,JPEG,39bde167e2394141adf5ee1b86039f50,1b059393263634b4,Khumba (2013),Animation|Adventure|Family,"['Animation', 'Adventure']"
1488181,1488181.jpg,../data/raw/1488181.jpg,182,268,JPEG,2b4c66fd53d96e2100690cbb20f2c578,e092889d15a6c41d,Zambezia (2012),Animation|Adventure|Comedy,"['Animation', 'Adventure', 'Comedy']"
1490017,1490017.jpg,../data/raw/1490017.jpg,182,268,JPEG,39b020594e5c2bb19a77b8ff14ca856b,a939e9e1e8b292f2,The Lego Movie (2014),Animation|Action|Adventure,"['Animation', 'Action', 'Adventure']"
1494772,1494772.jpg,../data/raw/1494772.jpg,182,268,JPEG,0fb93949ca01a106ec413b148efc5be2,f9b9d3c7193372b0,Justice League: Crisis on Two Earths (2010),Animation|Action|Sci-Fi,"['Animation', 'Action']"
1495776,1495776.jpg,../data/raw/1495776.jpg,182,268,JPEG,0a43cd93057e1fefb673c326b6dc773d,c50d34456d3012c4,Germ (2013),Action|Drama|Horror,"['Action', 'Drama', 'Horror']"
1496025,1496025.jpg,../data/raw/1496025.jpg,182,268,JPEG,c762469e99651ec16cff3226035583a2,f3ebcb53272f778f,Underworld Awakening (2012),Action|Fantasy|Horror,"['Action', 'Horror']"
1499213,1499213.jpg,../data/raw/1499213.jpg,182,268,JPEG,b402744f5f84c25d22d01ed597c7e229,3964f6c36222e8d1,Bye-Bye Bin Laden (2009),Animation|Comedy,"['Animation', 'Comedy']"
1504443,1504443.jpg,../data/raw/1504443.jpg,182,268,JPEG,d24f4dd4b99515b61f281af657c6f953,b81b5b77d3f4b5f7,Mongolian Death Worm (2010),Action|Horror|Sci-Fi,"['Action', 'Horror']"
1506448,1506448.jpg,../data/raw/1506448.jpg,182,268,JPEG,28765a360164e76c1f63d4b9400eef34,b3230638e9cb1e22,Peiru Kokun (2006),Animation|Short|Sci-Fi,['Animation']
1506940,1506940.jpg,../data/raw/1506940.jpg,182,268,JPEG,a8b1368faef3087c9d5e2f33d6032c1b,d4f062f2732ee0e0,2012: Time for Change (2010),Documentary|Animation|News,['Animation']
150814,150814.jpg,../data/raw/150814.jpg,182,268,JPEG,e9c198da6eeb0552d586a591a2889b46,c9515e044466ca3d,Halloween (1931),Animation|Short|Comedy,"['Animation', 'Comedy']"
1509767,1509767.jpg,../data/raw/1509767.jpg,182,268,JPEG,5268d4518456b935ff312f47bf3b1fe6,ecc4ece59b8cc028,The Three Musketeers (2011),Action|Adventure|Romance,"['Action', 'Adventure', 'Romance']"
1512222,1512222.jpg,../data/raw/1512222.jpg,182,268,JPEG,42d6b2727341890d416027f3ef9c90e5,f8ca8fd4b4b8d0e4,Night of the Living Dead: Darkest Dawn (2015),Animation|Horror,"['Animation', 'Horror']"
1512792,1512792.jpg,../data/raw/1512792.jpg,182,268,JPEG,6997b0800b17a1a4aa5d9e392158792e,9e9fcf928ea68371,Playmobil: The Secret of Pirate Island (2009),Animation|Family,['Animation']
151683,151683.jpg,../data/raw/151683.jpg,182,268,JPEG,c751461cd4bbe4818a87e497cebfbde1,f2fa7366f65b095e,My Date with the President's Daughter,Animation|Action|Adventure,"['Animation', 'Action', 'Adventure']"
1517260,1517260.jpg,../data/raw/1517260.jpg,182,268,JPEG,85c9a965131f0c0f79573ee6a67f7093,1b8d2496c8c1f8f0,The Host (2013),Action|Adventure|Romance,"['Action', 'Adventure', 'Romance']"
1517470,1517470.jpg,../data/raw/1517470.jpg,182,268,JPEG,38fb37dcf3a5266ec532eae34b17db8b,cc4e37160d8cde4b,Doragon bÌ«ru Z: Atsumare! GokÌÈ WÌ¢rudo (1992),Animation|Short|Action,"['Animation', 'Action']"
151866,151866.jpg,../data/raw/151866.jpg,182,268,JPEG,244ae009a42c353fdf8fadd2fd5c8c8f,8accc6c1a1e8e6ed,Outlanders (1986),Animation|Sci-Fi,['Animation']
1520380,1520380.jpg,../data/raw/1520380.jpg,182,268,JPEG,8dfb2109f375806c88ec3c1cc2fb0638,1e9fb7b1737b271c,Runaway (2009),Animation|Short|Comedy,"['Animation', 'Comedy']"
1520392,1520392.jpg,../data/raw/1520392.jpg,182,268,JPEG,50feedba51ac2451453527feb52caff8,96b5373c0f2eb0f0,Tales of Vesperia: The First Strike (2009),Animation,['Animation']
152265,152265.jpg,../data/raw/152265.jpg,182,268,JPEG,0beeaca46e99017c88bcd0217bf532f9,591a4f0f13973515,Safety Patrol,Animation|Action|Adventure,"['Animation', 'Action', 'Adventure']"
1523317,1523317.jpg,../data/raw/1523317.jpg,182,268,JPEG,a004dd80bf02e3e483288807cbe75bb6,c2f0f09088c84b94,The Lady and the Reaper (La dama y la muerte) (2009),Animation|Short|Comedy,"['Animation', 'Comedy']"
1524137,1524137.jpg,../data/raw/1524137.jpg,182,268,JPEG,1df87ff93ad2f6d39fb48c0e68dbba0c,132386c2a26dcdcd,Contraband (2012),Action|Crime|Drama,"['Action', 'Drama']"
1525835,1525835.jpg,../data/raw/1525835.jpg,182,268,JPEG,9eb2786a020becbdb67bc2174db7fe0c,b5db6a223115d410,Gantz (2010),Action|Horror|Sci-Fi,"['Action', 'Horror']"
1527,1527.jpg,../data/raw/1527.jpg,182,268,JPEG,b7d687a47edace62d78ff7e2dcaa25e7,9f0f771773674f47,The Revenge of a Kinematograph Cameraman (1912),Animation|Short|Comedy,"['Animation', 'Comedy']"
1533749,1533749.jpg,../data/raw/1533749.jpg,182,268,JPEG,347967c5277d7d8254bf7bb534158f9c,b2f3692cdcb8c8cc,San siu lam zi (2011),Action|Drama,"['Action', 'Drama']"
1537314,1537314.jpg,../data/raw/1537314.jpg,182,268,JPEG,530be19d7b2523c3e418d344f791fc24,5bcf6667ffd23bdb,The Flying Machine (2011),Animation|Adventure|Family,"['Animation', 'Adventure']"
1537759,1537759.jpg,../data/raw/1537759.jpg,182,268,JPEG,3cd33a3395876095df7c368534bcc1ca,0619862363432b8b,Dug's Special Mission (2009),Animation|Short|Comedy,"['Animation', 'Comedy']"
1538403,1538403.jpg,../data/raw/1538403.jpg,182,268,JPEG,f11fd7ea755955d8c939f186bc56f7cf,ffbbb7dfdfd7eba2,The Mortal Instruments: City of Bones (2013),Action|Fantasy|Horror,"['Action', 'Horror']"
153997,153997.jpg,../data/raw/153997.jpg,182,268,JPEG,d70edd8d816bb1271b5e7b1f53290f5c,3574767c56535b64,"You're a Good Man, Charlie Brown (1985)",Animation|Comedy|Family,"['Animation', 'Comedy']"
1543920,1543920.jpg,../data/raw/1543920.jpg,182,268,JPEG,9cbf5e6a1e47c68abd606a0f7989da3a,f1f06c267397ece8,Turtles Forever (2009),Animation|Action|Adventure,"['Animation', 'Action', 'Adventure']"
1545106,1545106.jpg,../data/raw/1545106.jpg,182,268,JPEG,cee626a24092dfb6271438205fc1bee7,271e9b2d35b0ac66,Vamps (2012),Comedy|Horror|Romance,"['Comedy', 'Horror', 'Romance']"
1546036,1546036.jpg,../data/raw/1546036.jpg,182,268,JPEG,b5baf5de61dad7cbedf6752be58067ca,2b2b8ac4c49f9eb4,The Drawn Together Movie: The Movie! (2010),Animation|Comedy|Mystery,"['Animation', 'Comedy']"
1551621,1551621.jpg,../data/raw/1551621.jpg,182,268,JPEG,db4b3dd6034516f6ca4a23617fb7d918,62fcdbda98ccd298,Raging Phoenix (2009),Action|Romance,"['Action', 'Romance']"
15532,15532.jpg,../data/raw/15532.jpg,182,268,JPEG,1ddb0cfbafea759fd5e111334c009171,093c18c3ea1824a3,Die Abenteuer des Prinzen Achmed (1926),Animation|Adventure|Fantasy,"['Animation', 'Adventure']"
1561457,1561457.jpg,../data/raw/1561457.jpg,182,268,JPEG,d40b4fe01b1cbee2624bb4f071df5f32,30bc3c369edf8e98,Double Down (2005),Action|Drama|Romance,"['Action', 'Drama', 'Romance']"
1563725,1563725.jpg,../data/raw/1563725.jpg,182,268,JPEG,22b684a460c78d670b10322b7bcedbf8,c0a4eaf89ae8f0f8,Logorama (2009),Animation|Short|Action,"['Animation', 'Action']"
1567609,1567609.jpg,../data/raw/1567609.jpg,182,268,JPEG,c43a087c37d293ea450e3a9b6e8385ac,b024ba781c3b7636,Get the Gringo (2012),Action|Crime|Drama,"['Action', 'Drama']"
1568921,1568921.jpg,../data/raw/1568921.jpg,182,268,JPEG,afe97090b28f126bf5b7c9005a4bb0d8,6331f1f8e8e0f0f0,The Secret World of Arrietty (2010),Animation|Adventure|Family,"['Animation', 'Adventure']"
1572781,1572781.jpg,../data/raw/1572781.jpg,182,268,JPEG,b8474614707c902bbe6a83108acb36a5,2666889bc9cdcdd6,Suzumiya Haruhi no shÌ«shitsu (2010),Animation|Comedy|Drama,"['Animation', 'Comedy', 'Drama']"
158489,158489.jpg,../data/raw/158489.jpg,182,268,JPEG,d96f330030eb33e87a3cf4a741375074,70b2321ec9e4e1b1,Biteu (1997),Action|Crime|Drama,"['Action', 'Drama']"
158590,158590.jpg,../data/raw/158590.jpg,182,268,JPEG,8bf153a44c22424d6a157eb689ff544e,b8d68d6a2c8c3c78,New Dominion Tank Police (1993),Animation|Short|Action,"['Animation', 'Action']"
158591,158591.jpg,../data/raw/158591.jpg,182,268,JPEG,d0ed1103f6c7fab39887f02e27b357f4,a6a8f0d0983075e0,Dominion Tank Police (1988),Animation|Action|Comedy,"['Animation', 'Action', 'Comedy']"
158644,158644.jpg,../data/raw/158644.jpg,182,268,JPEG,e031cc49a8d90c1f0698a76ca3b5feac,edd8b8f5c7c3d96c,Green Legend Ran (1992),Animation|Drama|Fantasy,"['Animation', 'Drama']"
1587157,1587157.jpg,../data/raw/1587157.jpg,182,268,JPEG,e37fe827d29910ea0ce97ea7f09e880c,e8f43b696949d4a6,Yu-Gi-Oh! Bonds Beyond Time (2010),Animation|Action|Fantasy,"['Animation', 'Action']"
1587414,1587414.jpg,../data/raw/1587414.jpg,182,268,JPEG,5b95a787c773b75cd6c278932d4d9e9c,bac298b23637f7cc,Lego: The Adventures of Clutch Powers (2010),Animation|Action|Adventure,"['Animation', 'Action', 'Adventure']"
1588173,1588173.jpg,../data/raw/1588173.jpg,182,268,JPEG,a73a2db2168eedc9c67d922bedc67a82,ca9a89c89aa5a512,Warm Bodies (2013),Comedy|Horror|Romance,"['Comedy', 'Horror', 'Romance']"
1591479,1591479.jpg,../data/raw/1591479.jpg,182,268,JPEG,469e276dde0670389174616fe9285193,c000e0c4c400c4f2,Act of Valor (2012),Action|Adventure|Drama,"['Action', 'Adventure', 'Drama']"
159510,159510.jpg,../data/raw/159510.jpg,182,268,JPEG,b4fcbab0842d4e6de6bf322125a26337,e6332d4563396363,KidÌ« senshi Gandamu II: Ai senshihen (1981),Animation|Action|Drama,"['Animation', 'Action', 'Drama']"
159511,159511.jpg,../data/raw/159511.jpg,182,268,JPEG,0ef8e80135f03d89c12ede68a57eb8ce,b47825cc62686065,Mobile Suit Gundam III: Encounters in Space (1982),Animation|Action|Drama,"['Animation', 'Action', 'Drama']"
1596350,1596350.jpg,../data/raw/1596350.jpg,182,268,JPEG,f07b6587800ff406e8b045b30cee5739,4c4cf0c86d64b232,This Means War (2012),Action|Comedy|Romance,"['Action', 'Comedy', 'Romance']"
1598873,1598873.jpg,../data/raw/1598873.jpg,182,268,JPEG,9b673b59cc7ed2b3929bf9e3cc0c17dc,4ccc8e979b3b1615,Cleanskin (2012),Action|Crime|Drama,"['Action', 'Drama']"
159914,159914.jpg,../data/raw/159914.jpg,182,268,JPEG,e5401be48698fbc75084b7886e37a0fb,f8e4ecd447d38f47,Soul Music,Animation|Comedy|Fantasy,"['Animation', 'Comedy']"
159931,159931.jpg,../data/raw/159931.jpg,182,268,JPEG,d4e6fe8913263428ee37761366442d8c,f8cce806272f4918,Wyrd Sisters,Animation|Comedy|Fantasy,"['Animation', 'Comedy']"
1601913,1601913.jpg,../data/raw/1601913.jpg,182,268,JPEG,2c682ccc078bf13a058d34756fbf455c,98b2d6d4cc2bcce0,The Grey (2011),Action|Adventure|Drama,"['Action', 'Adventure', 'Drama']"
1603807,1603807.jpg,../data/raw/1603807.jpg,182,268,JPEG,363519840779d4d7f8a5c51c069a2822,7afabada948606d3,Cheun (2009),Action|Crime|Drama,"['Action', 'Drama']"
160521,160521.jpg,../data/raw/160521.jpg,182,268,JPEG,4671269f964c893b7d7edd1cb8a00d97,6b3387edeccd83f0,Megazone 23 (1985),Animation|Action|Music,"['Animation', 'Action']"
1606600,1606600.jpg,../data/raw/1606600.jpg,182,268,JPEG,472ca8ca189726eee639c0f2a52be6dc,c7c7c2a2e1434504,DC Showcase: Jonah Hex (2010),Animation|Short|Action,"['Animation', 'Action']"
1608516,1608516.jpg,../data/raw/1608516.jpg,182,268,JPEG,0e887a0664f5b17c218fa3a28b4c4e59,8c81c3eee2b34d4f,Lauf Junge lauf (2013),Action|Drama|War,"['Action', 'Drama']"
1611224,1611224.jpg,../data/raw/1611224.jpg,182,268,JPEG,98e09f06c70246597c1910cca2113719,f0f0d8c8dc8e6cc4,Abraham Lincoln: Vampire Hunter (2012),Action|Fantasy|Horror,"['Action', 'Horror']"
1612319,1612319.jpg,../data/raw/1612319.jpg,182,268,JPEG,682fb591d250524fb337f6567db53bd4,33e8cce8f1e8ce36,Re-Kill (2015),Action|Horror,"['Action', 'Horror']"
1620446,1620446.jpg,../data/raw/1620446.jpg,182,268,JPEG,f1983ce551549719bb240f7d8450d33c,38aac4009e8ecc21,Day & Night (2010),Animation|Short|Comedy,"['Animation', 'Comedy']"
1620449,1620449.jpg,../data/raw/1620449.jpg,182,268,JPEG,471a0d4644cc1de75436824be834baca,6dea8e72e42c0c2c,Konferenz der Tiere (2010),Animation|Comedy|Family,"['Animation', 'Comedy']"
1621039,1621039.jpg,../data/raw/1621039.jpg,182,268,JPEG,9e1e80443835d341351554b2af4e6b0f,0726132706373b29,Free Birds (2013),Animation|Adventure|Comedy,"['Animation', 'Adventure', 'Comedy']"
162222,162222.jpg,../data/raw/162222.jpg,182,268,JPEG,b6398167bc877b49b215166e50e951a5,7713121c5d777f19,Cast Away (2000),Adventure|Drama|Romance,"['Adventure', 'Drama', 'Romance']"
1623288,1623288.jpg,../data/raw/1623288.jpg,182,268,JPEG,0f151838fd666782a699615a184a5c42,7d79f936d0715171,ParaNorman (2012),Animation|Adventure|Comedy,"['Animation', 'Adventure', 'Comedy']"
1629374,1629374.jpg,../data/raw/1629374.jpg,182,268,JPEG,c9c2385b1b58800816c84ebf6e17e796,e89813b29a4b5a92,Ronal Barbaren (2011),Animation|Adventure|Comedy,"['Animation', 'Adventure', 'Comedy']"
1632481,1632481.jpg,../data/raw/1632481.jpg,182,268,JPEG,0a214e3435ff447b847738e3a0f6077a,1ece3b366b328019,Care Bears to the Rescue (2010),Animation|Adventure|Family,"['Animation', 'Adventure']"
1634003,1634003.jpg,../data/raw/1634003.jpg,182,268,JPEG,4d6ba1f16f39995d7092ca181f8322b1,1313346c4ccecd8f,Underdogs (2013),Animation|Adventure|Family,"['Animation', 'Adventure']"
163558,163558.jpg,../data/raw/163558.jpg,182,268,JPEG,f70b53d0a433c8475e501c177b352231,70c4d4f0a05c3664,Boo to You Too! Winnie the Pooh (1996),Animation|Short|Comedy,"['Animation', 'Comedy']"
163978,163978.jpg,../data/raw/163978.jpg,182,268,JPEG,5dad6855da177dcf1fa71db9951013ee,9fbc2f230606c6f0,The Beach (2000),Adventure|Drama|Romance,"['Adventure', 'Drama', 'Romance']"
1639826,1639826.jpg,../data/raw/1639826.jpg,182,268,JPEG,13bbbfe080ccc04c411a8da4a55dea4d,eacc896b444b4ed1,Justin and the Knights of Valour (2013),Animation|Adventure|Family,"['Animation', 'Adventure']"
1640459,1640459.jpg,../data/raw/1640459.jpg,182,268,JPEG,e6d497a88dcbbd7c499c0acc73a53cd7,8f4b1787151333b2,Hobo with a Shotgun (2011),Action|Comedy|Horror,"['Action', 'Comedy', 'Horror']"
164052,164052.jpg,../data/raw/164052.jpg,182,268,JPEG,c82d47b0d47c98503dafe02d135e0d59,1c1b060400010240,Hollow Man (2000),Action|Horror|Sci-Fi,"['Action', 'Horror']"
1640718,1640718.jpg,../data/raw/1640718.jpg,182,268,JPEG,a46a736e7fedef4404bb46935ea61d16,f2b2f0e1d8ce8699,The Prophet (2014),Animation|Drama,"['Animation', 'Drama']"
164336,164336.jpg,../data/raw/164336.jpg,182,268,JPEG,93d01e210cea395bfaa5d8f769482dad,2733929dcf8e1b71,American Kickboxer 2 (1993),Action|Romance,"['Action', 'Romance']"
1646926,1646926.jpg,../data/raw/1646926.jpg,182,268,JPEG,95e87748691684bb81081e3d38b7b5ff,12fdb50d199c6676,Open Season 3 (2010),Animation|Adventure|Comedy,"['Animation', 'Adventure', 'Comedy']"
1646971,1646971.jpg,../data/raw/1646971.jpg,182,268,JPEG,fcf13d69745062702f355b490855e478,066467a6d3f1f0f2,How to Train Your Dragon 2 (2014),Animation|Action|Adventure,"['Animation', 'Action', 'Adventure']"
1646980,1646980.jpg,../data/raw/1646980.jpg,182,268,JPEG,cc03e95efb1d6a8d39dbef36a907ba3e,c4a6e6ec4160bcae,The Double (2011),Action|Crime|Drama,"['Action', 'Drama']"
164917,164917.jpg,../data/raw/164917.jpg,182,268,JPEG,5cb5e2f932219903b1197f552b18407e,d0b6f07155a4f2f3,Spriggan (1998),Animation|Action|Adventure,"['Animation', 'Action', 'Adventure']"
1649443,1649443.jpg,../data/raw/1649443.jpg,182,268,JPEG,cf8d9416e7e1b0c774020b988545c1be,28c47360669cead0,[REC] 4: Apocalypse (2014),Action|Horror,"['Action', 'Horror']"
1649444,1649444.jpg,../data/raw/1649444.jpg,182,268,JPEG,391d1815f8fa9a41dc956d3e1a000571,c8d8b28e84260767,[REC] 3: Genesis (2012),Horror|Romance,"['Horror', 'Romance']"
1650516,1650516.jpg,../data/raw/1650516.jpg,182,268,JPEG,d333ee9de17db4744a45790c47013fb1,70620545c4ccece8,Dead Genesis (2010),Action|Horror|Thriller,"['Action', 'Horror']"
1655413,1655413.jpg,../data/raw/1655413.jpg,182,268,JPEG,b3db4c3f0ca3c9e4e86c03833891b181,d0a0c3c31b8bc2b0,Le magasin des suicides (2012),Animation|Comedy|Musical,"['Animation', 'Comedy']"
1659343,1659343.jpg,../data/raw/1659343.jpg,182,268,JPEG,14f4839bc1c93e78b3caff7f591319e9,a4e46426a9d1938f,Universal Soldier: Day of Reckoning (2012),Action|Horror|Mystery,"['Action', 'Horror']"
1666700,1666700.jpg,../data/raw/1666700.jpg,182,268,JPEG,ad7cd53b37197368e110eaba004ed54c,53c6b65adafceb9b,Gosurori shokeinin (2010),Action|Horror,"['Action', 'Horror']"
1667133,1667133.jpg,../data/raw/1667133.jpg,182,268,JPEG,4a55e764406d6b993d91021e56362538,cc87232b23279194,The Taint (2011),Action|Comedy|Horror,"['Action', 'Comedy', 'Horror']"
1667889,1667889.jpg,../data/raw/1667889.jpg,182,268,JPEG,53c755fddaa0aea691965c240ae37502,e8e6d68fece8f0b6,Ice Age: Continental Drift (2012),Animation|Adventure|Comedy,"['Animation', 'Adventure', 'Comedy']"
1667903,1667903.jpg,../data/raw/1667903.jpg,182,268,JPEG,3eb554f472926d232b519404cabe1382,f5cf756567910c47,Thor: Tales of Asgard (2011),Animation|Action|Adventure,"['Animation', 'Action', 'Adventure']"
1669698,1669698.jpg,../data/raw/1669698.jpg,182,268,JPEG,19a88113e12a1d7f0fe011a46a47efc7,cd0f2bc999032742,The Lost Thing (2010),Animation|Short|Drama,"['Animation', 'Drama']"
167046,167046.jpg,../data/raw/167046.jpg,182,268,JPEG,2dd3abedb5bce973f1df3b46dc1f4e08,b1c4f2d2cc858666,Beyond the Mind's Eye (1992),Animation|Short|Comedy,"['Animation', 'Comedy']"
167116,167116.jpg,../data/raw/167116.jpg,182,268,JPEG,5f97553be3039afa9e45ef50b9c76b7d,d8989c98c0c8ac8e,Desert Saints (2002),Action|Romance|Thriller,"['Action', 'Romance']"
167190,167190.jpg,../data/raw/167190.jpg,182,268,JPEG,a532b7173e746d27d1e1a68deb8d432b,b1ac46c72b2fb3d2,Hellboy (2004),Action|Fantasy|Horror,"['Action', 'Horror']"
167203,167203.jpg,../data/raw/167203.jpg,182,268,JPEG,26914e73aa6ac0504a1b5654c64c12f9,d4d2b6ecf8d8f8f8,I Dreamed of Africa (2000),Adventure|Drama|Romance,"['Adventure', 'Drama', 'Romance']"
167247,167247.jpg,../data/raw/167247.jpg,182,268,JPEG,74dc9001708a108886a87eca2eb9877f,e4a0dc68f04c6233,The Land Before Time VI: The Secret of Saurus Rock (1998),Animation|Adventure|Family,"['Animation', 'Adventure']"
1673430,1673430.jpg,../data/raw/1673430.jpg,182,268,JPEG,141f9e201c89eb9389c0c782cca7685c,a2f6e4d434ea3a3c,Superman/Batman: Apocalypse (2010),Animation|Action|Adventure,"['Animation', 'Action', 'Adventure']"
1673702,1673702.jpg,../data/raw/1673702.jpg,182,268,JPEG,cd2132537006255a6567b2153fbd2c95,63e0cde6e205844e,Une vie de chat (2010),Animation|Crime|Family,['Animation']
1674047,1674047.jpg,../data/raw/1674047.jpg,182,268,JPEG,8641da5bc12677ed9118deccf0816f27,0050f2b23012d8e8,Birdemic 2: The Resurrection (2013),Action|Comedy|Horror,"['Action', 'Comedy', 'Horror']"
167482,167482.jpg,../data/raw/167482.jpg,182,268,JPEG,90b34688ac48eed3a7af4536b81f8de2,b1999366f2c66c60,Aladdin and His Magic Lamp (1967),Adventure|Fantasy|Romance,"['Adventure', 'Romance']"
167565,167565.jpg,../data/raw/167565.jpg,182,268,JPEG,249bff0a584fb2c65763f0ebd865b164,70d282e0e0f0b7b5,The Count of Monte Cristo,Adventure|Drama|Romance,"['Adventure', 'Drama', 'Romance']"
1675758,1675758.jpg,../data/raw/1675758.jpg,182,268,JPEG,7b116c0521f49ea97881873f80a2618c,9cd8f0b060610041,The Maze (2010),Action|Horror|Thriller,"['Action', 'Horror']"
1677561,1677561.jpg,../data/raw/1677561.jpg,182,268,JPEG,00192fff6fa73027bebd6cdd38f5e063,1e0f4f0f0d0d0513,Karafuru (2010),Animation|Drama|Fantasy,"['Animation', 'Drama']"
1679332,1679332.jpg,../data/raw/1679332.jpg,182,268,JPEG,9e79d435e240b7887f74fce8968ff816,2c3e151e46ed9911,"Ultramarines: A Warhammer 40,000 Movie (2010)",Animation|Action|Fantasy,"['Animation', 'Action']"
1679335,1679335.jpg,../data/raw/1679335.jpg,182,268,JPEG,3fa7c2992c2cde326d6bcf742eb727aa,4c2132d840881071,Trolls (2016),Animation|Adventure|Comedy,"['Animation', 'Adventure', 'Comedy']"
1680138,1680138.jpg,../data/raw/1680138.jpg,182,268,JPEG,c4f353db419c84bc1ebd1fba10472b8f,8d4ce42626677515,Mega Python vs. Gatoroid (2011),Action|Horror|Sci-Fi,"['Action', 'Horror']"
1683043,1683043.jpg,../data/raw/1683043.jpg,182,268,JPEG,e3dcf12ede6a0999314181dfd275e995,96c4d0da869f8b9d,Green Lantern: Emerald Knights (2011),Animation|Action|Adventure,"['Animation', 'Action', 'Adventure']"
168856,168856.jpg,../data/raw/168856.jpg,182,268,JPEG,02d942f92879be878618e0f30b2dab8f,8e33717164f8f8f4,A Fish Tale (2000),Animation|Adventure|Comedy,"['Animation', 'Adventure', 'Comedy']"
16895,16895.jpg,../data/raw/16895.jpg,182,268,JPEG,e6795a4dc3897bca046630b583c94328,07f1934b4d911485,For Heaven's Sake (1926),Action|Comedy|Romance,"['Action', 'Comedy', 'Romance']"
1691917,1691917.jpg,../data/raw/1691917.jpg,182,268,JPEG,148398632d6126b28349f69a6a029089,f2b9b1c70f3e67cd,Planes (2013),Animation|Adventure|Comedy,"['Animation', 'Adventure', 'Comedy']"
1694021,1694021.jpg,../data/raw/1694021.jpg,182,268,JPEG,e3a0f236b55b94f6e2aaf4858b72b490,b2f8c62c989adeee,Into the Grizzly Maze (2015),Action|Horror|Thriller,"['Action', 'Horror']"
1696192,1696192.jpg,../data/raw/1696192.jpg,182,268,JPEG,35ffa7772d309239b4d4e556934b24de,e36369790f569899,"A Fairly Odd Movie: Grow Up, Timmy Turner! (2011)",Animation|Comedy|Family,"['Animation', 'Comedy']"
1696202,1696202.jpg,../data/raw/1696202.jpg,182,268,JPEG,0d86a460521ead9d240d2fdfc2f8befe,2fac776deb9a5cfd,DC Showcase Original Shorts Collection (2010),Animation|Action|Adventure,"['Animation', 'Action', 'Adventure']"
169880,169880.jpg,../data/raw/169880.jpg,182,268,JPEG,2b583c46a82e8ccf8bc4eaa9d54cad36,b6d26632b2bcddce,Neon Genesis Evangelion: Death & Rebirth (1997),Animation|Action|Mystery,"['Animation', 'Action']"
1699114,1699114.jpg,../data/raw/1699114.jpg,182,268,JPEG,35db9e0af2bad0877a28cc9055bd182f,2337814f4d78d884,All-Star Superman (2011),Animation|Action|Sci-Fi,"['Animation', 'Action']"
1701991,1701991.jpg,../data/raw/1701991.jpg,182,268,JPEG,680f8f593bee853906b5115da5d37291,7d6d4d3561655577,Episode VI: It's a Trap,Animation|Comedy,"['Animation', 'Comedy']"
170232,170232.jpg,../data/raw/170232.jpg,182,268,JPEG,bc4e8dcc10b80b332467a496463d88e0,8460422163d10989,ZamilovanÌ© maso (1989),Animation|Short|Comedy,"['Animation', 'Comedy']"
1703049,1703049.jpg,../data/raw/1703049.jpg,182,268,JPEG,e0dffaf21fdfafc811899af5dd086a28,d921d49b9a1f0f37,Trigun: Badlands Rumble (2010),Animation|Action|Sci-Fi,"['Animation', 'Action']"
1705773,1705773.jpg,../data/raw/1705773.jpg,182,268,JPEG,dcbce23d74bdbeb04d5d37fb7cb4bbda,d0f4c9e75963c818,Mega Shark vs. Crocosaurus (2010),Action|Horror|Sci-Fi,"['Action', 'Horror']"
170811,170811.jpg,../data/raw/170811.jpg,182,268,JPEG,5b2d1576d360007a5afe8a1ba04ab7c0,8d9b4f835915456b,Winnie the Pooh and a Day for Eeyore (1983),Animation|Short|Comedy,"['Animation', 'Comedy']"
1709652,1709652.jpg,../data/raw/1709652.jpg,182,268,JPEG,61f3b75b210d9562b126955b23e203ba,07078f1d3f7a5df8,Dragon Age: Dawn of the Seeker (2012),Animation|Action|Adventure,"['Animation', 'Action', 'Adventure']"
1711366,1711366.jpg,../data/raw/1711366.jpg,182,268,JPEG,bc44f11c2c4bc264719aa1e56dd720e5,e4b477e9ac752aa6,Dead Space: Aftermath (2011),Animation|Horror|Sci-Fi,"['Animation', 'Horror']"
171357,171357.jpg,../data/raw/171357.jpg,182,268,JPEG,cfaf75b45584a8a020c829b574255db4,533867c3f09a56b1,Hadashi no Gen 2 (1986),Animation|Biography|Drama,"['Animation', 'Drama']"
1715210,1715210.jpg,../data/raw/1715210.jpg,182,268,JPEG,32e61d668d3d7a8fb13e4264c2207b84,1707b627775d5d55,Eve no jikan (2010),Animation|Romance|Sci-Fi,"['Animation', 'Romance']"
1716753,1716753.jpg,../data/raw/1716753.jpg,182,268,JPEG,636e3ecde4cb0f9380d09a1cc2aef3b8,d0d09272bada88a0,Monster Brawl (2011),Action|Comedy|Horror,"['Action', 'Comedy', 'Horror']"
171725,171725.jpg,../data/raw/171725.jpg,182,268,JPEG,df555737f0450e783365c8460349836e,eceec8cba4321a86,The Secret of NIMH 2: Timmy to the Rescue (1998),Animation|Adventure|Comedy,"['Animation', 'Adventure', 'Comedy']"
172184,172184.jpg,../data/raw/172184.jpg,182,268,JPEG,6c3f33fb945a871da5400391110aaed5,4dc5f956d2d89472,Bloodsport: The Dark Kumite (1999),Action|Romance,"['Action', 'Romance']"
1725156,1725156.jpg,../data/raw/1725156.jpg,182,268,JPEG,85f8be86d300ec99817f8181ac1bcbc6,29a4e1c0a6659336,Scared Shrekless (2010),Animation|Short|Adventure,"['Animation', 'Adventure']"
1727261,1727261.jpg,../data/raw/1727261.jpg,182,268,JPEG,4f5f34ac9de8b4f41d6f2fc03b05a5a3,3b3b4f3725071774,Father's Day (2011),Action|Comedy|Horror,"['Action', 'Comedy', 'Horror']"
1727587,1727587.jpg,../data/raw/1727587.jpg,182,268,JPEG,8d68f81e80069bcb5a9b8dce148507a1,cf9b7bbfcf73a6e8,Sintel (2010),Animation|Short|Fantasy,['Animation']
1727885,1727885.jpg,../data/raw/1727885.jpg,182,268,JPEG,05e595f783a50b2765ef16e1119df3fe,373312940c174b40,Vamp U (2011),Action|Comedy|Horror,"['Action', 'Comedy', 'Horror']"
1728601,1728601.jpg,../data/raw/1728601.jpg,182,268,JPEG,a5ffac0825f70b313964ce5525c609c8,bae2b0ac1917a4ab,Animation seisaku shinko Kuromi-chan (2001),Animation|Short|Comedy,"['Animation', 'Comedy']"
1729637,1729637.jpg,../data/raw/1729637.jpg,182,268,JPEG,0fc3d55ef5ff8a0c9f728d64efda9a25,a96d54b233339cf0,Bodyguard (2011),Action|Romance,"['Action', 'Romance']"
1731767,1731767.jpg,../data/raw/1731767.jpg,182,268,JPEG,593d697d8a1353e125f2461b12cbdf5e,70ecccd4d1d2f0ea,Scooby-Doo! Camp Scare (2010),Animation|Adventure|Comedy,"['Animation', 'Adventure', 'Comedy']"
1735898,1735898.jpg,../data/raw/1735898.jpg,182,268,JPEG,84a1a26c77707ab49a857dc44ccc9905,efcc981fad8cb239,Snow White and the Huntsman (2012),Action|Adventure|Drama,"['Action', 'Adventure', 'Drama']"
1736313,1736313.jpg,../data/raw/1736313.jpg,182,268,JPEG,07b1dae9f0f9894b4cdfc3124fc794df,07d1d8dc95cc602f,Tick Tock Tale (2010),Animation|Short|Adventure,"['Animation', 'Adventure']"
17416,17416.jpg,../data/raw/17416.jpg,182,268,JPEG,1601e7d0e8a1cf37081f70ded53cb821,96d2dc4869eaa4f8,The Son of the Sheik (1926),Adventure|Drama|Romance,"['Adventure', 'Drama', 'Romance']"
1743724,1743724.jpg,../data/raw/1743724.jpg,182,268,JPEG,41a1ceb68e11af5eb0a988c56950bada,cc98993cb899054b,Koi no tsumi (2011),Drama|Horror|Romance,"['Drama', 'Horror', 'Romance']"
1744776,1744776.jpg,../data/raw/1744776.jpg,182,268,JPEG,e876c8961e0831f8dac9c95b6d95cc7d,c5171b45991a4c60,Legend of the Boneknapper Dragon (2010),Animation|Short|Adventure,"['Animation', 'Adventure']"
1748197,1748197.jpg,../data/raw/1748197.jpg,182,268,JPEG,1c7cee573701c68832d19dd004a35a45,080b692090b3f349,Setup (2011),Action|Crime|Drama,"['Action', 'Drama']"
174834,174834.jpg,../data/raw/174834.jpg,182,268,JPEG,497c6ab9d3571db3d2bb96955ed7070c,90625b1bd3943ce3,The Pied Piper (1986),Animation|Fantasy|Horror,"['Animation', 'Horror']"
1754177,1754177.jpg,../data/raw/1754177.jpg,182,268,JPEG,bdf2dbc8abacd90b9742a9713aa683a8,e8e06c6df3f28bcc,Mardock Scramble: The First Compression (2010),Animation|Action|Drama,"['Animation', 'Action', 'Drama']"
1754455,1754455.jpg,../data/raw/1754455.jpg,182,268,JPEG,69787ec7f9b0e08f4dda8fcfdea30d0b,eabc0a8b88a0cce2,Santa's Apprentice (2010),Animation|Comedy,"['Animation', 'Comedy']"
1754506,1754506.jpg,../data/raw/1754506.jpg,182,268,JPEG,1d5ad6ae296757692748d20234c90101,70378f375e5f98b8,Skeleton Lake (2012),Action|Horror|Thriller,"['Action', 'Horror']"
1754656,1754656.jpg,../data/raw/1754656.jpg,182,268,JPEG,2c5303ac977793edf60d00e3cb3bcc69,f0d8f0f0716df9f0,The Little Prince (2015),Animation|Adventure|Drama,"['Animation', 'Adventure', 'Drama']"
1756799,1756799.jpg,../data/raw/1756799.jpg,182,268,JPEG,6283047bed8b4726d2ffa4d409b1f7cb,92161e70097978f0,The Day (2011),Action|Drama|Horror,"['Action', 'Drama', 'Horror']"
1762399,1762399.jpg,../data/raw/1762399.jpg,182,268,JPEG,677f9e189a0cddecd0c3750845afecbe,7ffbbff9d99ad8b0,Walking with Dinosaurs 3D (2013),Animation|Adventure|Family,"['Animation', 'Adventure']"
176892,176892.jpg,../data/raw/176892.jpg,182,268,JPEG,045d12c8301ad7bd83b16786ef5118af,cf050b5bc8614dce,A Knight in Camelot,Animation|Action|Adventure,"['Animation', 'Action', 'Adventure']"
1772341,1772341.jpg,../data/raw/1772341.jpg,182,268,JPEG,f0beaefea8cacd32e4fc051b726ac8b4,e8b2f096c64c8ab2,Wreck-It Ralph (2012),Animation|Adventure|Comedy,"['Animation', 'Adventure', 'Comedy']"
1773020,1773020.jpg,../data/raw/1773020.jpg,182,268,JPEG,85a8315a26c8c9d4eae4d44f07103de7,3230659ea2c5d524,Poong-san-gae (2011),Action|Drama|Romance,"['Action', 'Drama', 'Romance']"
177511,177511.jpg,../data/raw/177511.jpg,182,268,JPEG,8f2c73182615e234090ecedc709bf206,359cd160d1d7b630,The Glass Agency (1999),Action|Drama|Romance,"['Action', 'Drama', 'Romance']"
1776196,1776196.jpg,../data/raw/1776196.jpg,182,268,JPEG,c2a4d4824bc0baa8b98b3a064948e668,62b292322309b8b2,Fullmetal Alchemist: The Sacred Star of Milos (2011),Animation|Action|Adventure,"['Animation', 'Action', 'Adventure']"
177882,177882.jpg,../data/raw/177882.jpg,182,268,JPEG,9f5bbd35bb90a9edaace35656894b1cf,9452f0e0ccc8ccf8,Kebab Connection (2004),Action|Comedy|Romance,"['Action', 'Comedy', 'Romance']"
1780762,1780762.jpg,../data/raw/1780762.jpg,182,268,JPEG,b2045ffea622bb2e85f58767b241eaa9,334313330b0b4f03,Aftershock (2012),Action|Adventure|Horror,"['Action', 'Adventure', 'Horror']"
1781947,1781947.jpg,../data/raw/1781947.jpg,182,268,JPEG,8cde5c204bb39096f3a70f0b88c97509,c010a1aa2b5517f2,Vampire Boys (2011),Horror|Romance,"['Horror', 'Romance']"
1787092,1787092.jpg,../data/raw/1787092.jpg,182,268,JPEG,b98e26bda5203a96d735455019172b1d,e968cc6979696969,Paths of Hate (2010),Animation|Short|Action,"['Animation', 'Action']"
1788383,1788383.jpg,../data/raw/1788383.jpg,182,268,JPEG,4b86a73ce437cfbf00791806314aca3c,b8fcee6339edd870,House of the Rising Sun (2011),Action|Crime|Drama,"['Action', 'Drama']"
1798188,1798188.jpg,../data/raw/1798188.jpg,182,268,JPEG,7a2ae89a4d23923f4a9a0db2f8b944d5,8e9b49842cdc84d2,From Up on Poppy Hill (2011),Animation|Drama|Family,"['Animation', 'Drama']"
1808454,1808454.jpg,../data/raw/1808454.jpg,182,268,JPEG,6548260ffec629b569ed5113519c200e,10d25d54331a3369,Sala samobÌ_jcÌ_w (2011),Animation|Drama|Thriller,"['Animation', 'Drama']"
1810633,1810633.jpg,../data/raw/1810633.jpg,182,268,JPEG,68d2b7b327fe8510e6321287b1a96c80,39eee4f9f0d8cc73,"Happiness Is a Warm Blanket, Charlie Brown (2011)",Animation|Comedy|Family,"['Animation', 'Comedy']"
1810861,1810861.jpg,../data/raw/1810861.jpg,182,268,JPEG,cce261d7e3240793aedc0f0353084590,27acec1e22c6575c,Zombadings 1: Patayin sa shokot si Remington (2011),Comedy|Horror|Romance,"['Comedy', 'Horror', 'Romance']"
181212,181212.jpg,../data/raw/181212.jpg,182,268,JPEG,0d7053f8e7909f96f7fc07b4e5d1fe1b,e8c69a33dcf0d232,Don Quixote (2000),Adventure|Comedy|Romance,"['Adventure', 'Comedy', 'Romance']"
1816518,1816518.jpg,../data/raw/1816518.jpg,182,268,JPEG,55c680f04795b68461e6d75d4d8c551e,f3132b233311350e,Ernest & Celestine (2012),Animation|Comedy|Crime,"['Animation', 'Comedy']"
1817287,1817287.jpg,../data/raw/1817287.jpg,182,268,JPEG,85b1588a4bc5272d2d9d21f2b7bf9e4a,f4c4dcf8d4d4ccdc,Is the Man Who Is Tall Happy? (2013),Documentary|Animation,['Animation']
181739,181739.jpg,../data/raw/181739.jpg,182,268,JPEG,e75fb8672042409c38d24ed9c014c548,4f0b29311b5f2b4d,Osmosis Jones (2001),Animation|Action|Adventure,"['Animation', 'Action', 'Adventure']"
1821352,1821352.jpg,../data/raw/1821352.jpg,182,268,JPEG,e6ad0075075dd065f9f8a460ff9d8e33,ac6362969ad0e2ac,Bong of the Dead (2011),Action|Comedy|Horror,"['Action', 'Comedy', 'Horror']"
1821641,1821641.jpg,../data/raw/1821641.jpg,182,268,JPEG,a331d6e22f9b19b2a80c8a8dc50ad6b6,f0f0ece4ccceceaa,The Congress (2013),Animation|Drama|Sci-Fi,"['Animation', 'Drama']"
1821658,1821658.jpg,../data/raw/1821658.jpg,182,268,JPEG,9a7d5f6c67581e6d3383c03af900ad1f,d8bcecea96d4cdc8,The Nut Job (2014),Animation|Adventure|Comedy,"['Animation', 'Adventure', 'Comedy']"
1821680,1821680.jpg,../data/raw/1821680.jpg,182,268,JPEG,50cded5b76be1ae66c7bcd1983f9bd8b,aa0e8c0d4e0c19b0,Don gato y su pandilla (2011),Animation|Action|Comedy,"['Animation', 'Action', 'Comedy']"
1829747,1829747.jpg,../data/raw/1829747.jpg,182,268,JPEG,5f9bb0726c3d8632722c844286892163,d0e1e8faecf0b0f0,The Girl and the Fox (2011),Animation|Short|Drama,"['Animation', 'Drama']"
183288,183288.jpg,../data/raw/183288.jpg,182,268,JPEG,9222aaf5f9309d844adc14baf16b22f0,4f657dc3a245636f,Halloween Is Grinch Night (1977),Animation|Short|Comedy,"['Animation', 'Comedy']"
183790,183790.jpg,../data/raw/183790.jpg,182,268,JPEG,73fac7ba4b3f3584a8dd33b41367fbdf,c4b0d469a1d79cd8,A Knight's Tale (2001),Action|Adventure|Romance,"['Action', 'Adventure', 'Romance']"
1839494,1839494.jpg,../data/raw/1839494.jpg,182,268,JPEG,db1ec1057640b3afcbde0b2a61519bec,06986c6d7b373425,Hoshi o ou kodomo (2011),Animation|Adventure|Drama,"['Animation', 'Adventure', 'Drama']"
184005,184005.jpg,../data/raw/184005.jpg,182,268,JPEG,ab3dee9ab0704ed620a4687e20499782,c4e2a18289b5a6cc,Werner - Volles RooÌ_Ì_Ì_!!! (1999),Action|Comedy|Animation,"['Action', 'Comedy', 'Animation']"
1844635,1844635.jpg,../data/raw/1844635.jpg,182,268,JPEG,c43605bad36694dad3f4faa1f9d81949,f4e4cfe2e6a11232,The Bucks County Massacre (2010),Action|Horror|Thriller,"['Action', 'Horror']"
184526,184526.jpg,../data/raw/184526.jpg,182,268,JPEG,2e7c8702e6ee19c67de39c53ca2010a4,82a2a4e6ace2d2a3,Boh lei chun (1999),Action|Comedy|Romance,"['Action', 'Comedy', 'Romance']"
1850374,1850374.jpg,../data/raw/1850374.jpg,182,268,JPEG,a793be6fc65ea986f138e1a2ec1f4d46,91974439de87ce9c,Toy Story Toons: Hawaiian Vacation (2011),Animation|Short|Comedy,"['Animation', 'Comedy']"
18515,18515.jpg,../data/raw/18515.jpg,182,268,JPEG,9398ef2f796da9c4929212fb05992b2a,71194d6f751d675b,Two Arabian Knights (1927),Comedy|Romance|Adventure,"['Comedy', 'Romance', 'Adventure']"
1852770,1852770.jpg,../data/raw/1852770.jpg,182,268,JPEG,fbe1b16cfc96777019ff91c42079e1f1,e0d0f6eecbc88af0,Dracula 3D (2012),Horror|Romance|Thriller,"['Horror', 'Romance']"
18528,18528.jpg,../data/raw/18528.jpg,182,268,JPEG,f451c91c34d3029b5b269ce4d8f91d80,88cc83ee4d4e8e12,The Unknown (1927),Drama|Horror|Romance,"['Drama', 'Horror', 'Romance']"
1853614,1853614.jpg,../data/raw/1853614.jpg,182,268,JPEG,0513f8c4b3e5114932e05c8c3abaea58,63d4bcc214333370,Momo e no tegami (2011),Animation|Drama|Family,"['Animation', 'Drama']"
1855325,1855325.jpg,../data/raw/1855325.jpg,182,268,JPEG,1886d0967a68d77d25fd73d898dca7c8,ca0a223011d9b3f8,Resident Evil: Retribution (2012),Action|Horror|Sci-Fi,"['Action', 'Horror']"
1856053,1856053.jpg,../data/raw/1856053.jpg,182,268,JPEG,71f79981932312da728bddb18cbcb359,7d4d16a52f1b5aa1,"Little Brother, Big Trouble: A Christmas Adventure (2012)",Animation|Adventure|Comedy,"['Animation', 'Adventure', 'Comedy']"
185708,185708.jpg,../data/raw/185708.jpg,182,268,JPEG,29a9aa0432767eeed7709b4da747b58d,f1d4644d6e66d9a5,Street Fighter Alpha (1999),Animation|Action|Fantasy,"['Animation', 'Action']"
1857913,1857913.jpg,../data/raw/1857913.jpg,182,268,JPEG,7da974d885a5bc8b661f46e1afc37e0c,8ce2acd626a1f2b4,The Sorcerer and the White Snake (2011),Action|Fantasy,['Action']
1860353,1860353.jpg,../data/raw/1860353.jpg,182,268,JPEG,9fc63d8eb5a40f5e942513860f524d23,e8e8c8cd4cc2f03c,Turbo (2013),Animation|Adventure|Comedy,"['Animation', 'Adventure', 'Comedy']"
1870419,1870419.jpg,../data/raw/1870419.jpg,182,268,JPEG,979e7be6ff0a1214471ff5a3609eb369,6c4e9e8fc7ba91b0,Hatchet III (2013),Action|Comedy|Horror,"['Action', 'Comedy', 'Horror']"
1870527,1870527.jpg,../data/raw/1870527.jpg,182,268,JPEG,a84172bc3b9a7654597b0fcd2a87f800,e0c088dcc5a999d7,Remains (2011),Action|Drama|Horror,"['Action', 'Drama', 'Horror']"
1876547,1876547.jpg,../data/raw/1876547.jpg,182,268,JPEG,fd733d0f04975171bf3dc62748d1231d,e4e9f0e1e4346a68,Zombie Apocalypse (2011),Action|Horror|Sci-Fi,"['Action', 'Horror']"
187738,187738.jpg,../data/raw/187738.jpg,182,268,JPEG,d3718aeb460fcc8c9a37fa789d083363,0c0c0f0716073333,Blade II (2002),Action|Horror|Sci-Fi,"['Action', 'Horror']"
1891769,1891769.jpg,../data/raw/1891769.jpg,182,268,JPEG,22992b35c639bb4628c5ebd2c091a86b,fca692b2309436b1,Le tableau (2011),Animation|Fantasy,['Animation']
1891845,1891845.jpg,../data/raw/1891845.jpg,182,268,JPEG,0d3f51d24146a31f1eedae567c619e2d,9cb8d8f0e0d39b29,Le jour des corneilles (2012),Animation|Drama|Fantasy,"['Animation', 'Drama']"
1891905,1891905.jpg,../data/raw/1891905.jpg,182,268,JPEG,a887e389880b0dc306c24813a918ff12,9ae0706c90c890a0,Sea Level (2011),Animation|Adventure|Comedy,"['Animation', 'Adventure', 'Comedy']"
189525,189525.jpg,../data/raw/189525.jpg,182,268,JPEG,14ac6e624a6b5ac88e0999e3defba1fc,c84b240c8c365b73,First Daughter (1999),Action|Comedy|Romance,"['Action', 'Comedy', 'Romance']"
1904996,1904996.jpg,../data/raw/1904996.jpg,182,268,JPEG,1ec61d539f82907d97f225a09babc26e,a42677456366c893,Parker (2013),Action|Crime|Romance,"['Action', 'Romance']"
190641,190641.jpg,../data/raw/190641.jpg,182,268,JPEG,e47e1a2b2163a747610005e8473d3af8,94f072a60f16d8d8,Pokí©mon: The First Movie - Mewtwo Strikes Back (1998),Animation|Action|Adventure,"['Animation', 'Action', 'Adventure']"
1911658,1911658.jpg,../data/raw/1911658.jpg,182,268,JPEG,302d972cc6276738461f232842a74adc,2b2b2b2b2b294ccc,Penguins of Madagascar (2014),Animation|Adventure|Comedy,"['Animation', 'Adventure', 'Comedy']"
1920846,1920846.jpg,../data/raw/1920846.jpg,182,268,JPEG,b404e47f98350237e9966380b43da949,ccc8e4f8a8ea6af9,Another World (2014),Action|Horror|Sci-Fi,"['Action', 'Horror']"
192189,192189.jpg,../data/raw/192189.jpg,182,268,JPEG,8865b71bb2d08f60dc0f5c56b04c6361,59e0d354ac9dd95b,Jonny Quest Versus the Cyber Insects (1995),Action|Adventure|Animation,"['Action', 'Adventure', 'Animation']"
1922736,1922736.jpg,../data/raw/1922736.jpg,182,268,JPEG,d3252255444b83f8f5bff3e0d8b9edeb,e8c8f071647068e9,Tatsumi (2011),Animation|Biography|Drama,"['Animation', 'Drama']"
193164,193164.jpg,../data/raw/193164.jpg,182,268,JPEG,4a7da244e3e9a24ef052ce0cc297f0eb,0f38654c4b431701,A Flintstones Christmas Carol (1994),Animation|Comedy|Family,"['Animation', 'Comedy']"
193763,193763.jpg,../data/raw/193763.jpg,182,268,JPEG,08f439f79ce6f5ab4e2f9c15d0c7681f,34713333313b6172,Besat (1999),Action|Crime|Horror,"['Action', 'Horror']"
1947964,1947964.jpg,../data/raw/1947964.jpg,182,268,JPEG,bd90a458c8aff01539cd5432e9bad6df,14df7e74a5d8f090,Anina (2013),Animation|Adventure|Family,"['Animation', 'Adventure']"
1948150,1948150.jpg,../data/raw/1948150.jpg,182,268,JPEG,11c5ac5a648f416cc6a93ab358d97cb2,6cc4a2969c1ed8d0,Singham (2011),Action|Crime|Drama,"['Action', 'Drama']"
1957945,1957945.jpg,../data/raw/1957945.jpg,182,268,JPEG,0a65586e53fa1401cddd8cc80a5e958b,b6b6af508e170bec,La Luna (2011),Animation|Short|Family,['Animation']
1959325,1959325.jpg,../data/raw/1959325.jpg,182,268,JPEG,3e11097403d931e6582917fb37a174b9,07cc8dccccf28ee0,Abiogenesis (2011),Animation|Short|Action,"['Animation', 'Action']"
1959438,1959438.jpg,../data/raw/1959438.jpg,182,268,JPEG,f8ae45807f0c702498afe01abfd59af0,71797979383a1f05,Kiss of the Damned (2012),Drama|Horror|Romance,"['Drama', 'Horror', 'Romance']"
196181,196181.jpg,../data/raw/196181.jpg,182,268,JPEG,bdad21e2ebe9cbad52d1c223c10c84ec,f0dc4a8a9331d4e4,Urban Menace (1999),Action|Horror,"['Action', 'Horror']"
1971466,1971466.jpg,../data/raw/1971466.jpg,182,268,JPEG,63ea17c620f55919df22042731137521,4392ed7531797596,Madangeul naon amtak (2011),Animation|Adventure|Drama,"['Animation', 'Adventure', 'Drama']"
197230,197230.jpg,../data/raw/197230.jpg,182,268,JPEG,1d85ef34b693d62d6a6ae6b6a665f91a,ea271c1a32462634,An American Tail: The Mystery of the Night Monster (1999),Animation|Adventure|Family,"['Animation', 'Adventure']"
197521,197521.jpg,../data/raw/197521.jpg,182,268,JPEG,4f5dfd7e569ba3ebe36a54854bf73194,5367013672332786,"Godzilla, King of the Monsters! (1956)",Action|Horror|Sci-Fi,"['Action', 'Horror']"
1979172,1979172.jpg,../data/raw/1979172.jpg,182,268,JPEG,c7d742c6637b1f4ca808bff579a18088,ced0a56353e938df,A Liar's Autobiography: The Untrue Story of Monty Python's Graham Chapman (2012),Animation|Comedy,"['Animation', 'Comedy']"
1980162,1980162.jpg,../data/raw/1980162.jpg,182,268,JPEG,2c14b2d77663a13e596b9a5466ad6b78,b2e8f80e63861636,Kung Fu Panda: Secrets of the Masters (2011),Animation|Short|Action,"['Animation', 'Action']"
1985949,1985949.jpg,../data/raw/1985949.jpg,182,268,JPEG,b64c0653aa68afb42ead34cbfc2b78dc,e574199dc7e6f563,Angry Birds (2016),Animation|Action|Adventure,"['Animation', 'Action', 'Adventure']"
1985966,1985966.jpg,../data/raw/1985966.jpg,182,268,JPEG,1831f1c46f81b59f22f40d234dace51e,6070c8cccce4b8b0,Cloudy with a Chance of Meatballs 2 (2013),Animation|Adventure|Comedy,"['Animation', 'Adventure', 'Comedy']"
1987028,1987028.jpg,../data/raw/1987028.jpg,182,268,JPEG,f97787f57af728e76d884ea1a60caa2f,a2b0b1f3ae439e9c,Werewolf: The Beast Among Us (2012),Action|Fantasy|Horror,"['Action', 'Horror']"
19886,19886.jpg,../data/raw/19886.jpg,182,268,JPEG,97fe49d46286471ea8713b9f306363d7,795d434547616165,The Flying Fleet (1929),Adventure|Drama|Romance,"['Adventure', 'Drama', 'Romance']"
199148,199148.jpg,../data/raw/199148.jpg,182,268,JPEG,ad702a9ce57f1ce058bf10d5fa97c72d,97f9eaa0b2f29234,Wu long tian shi zhao ji gui (1981),Action|Comedy|Horror,"['Action', 'Comedy', 'Horror']"
19968,19968.jpg,../data/raw/19968.jpg,182,268,JPEG,c4fc89a5eaa81c5e1bebaac8d24e8948,9737313f3a556121,The Haunted House (1929),Animation|Short|Comedy,"['Animation', 'Comedy']"
2005363,2005363.jpg,../data/raw/2005363.jpg,182,268,JPEG,e02870a0663abc77140d973f1b087580,c0e02197a6c66138,Tekken: Buraddo benjensu (2011),Animation|Action|Sci-Fi,"['Animation', 'Action']"
2013293,2013293.jpg,../data/raw/2013293.jpg,182,268,JPEG,660865c0aea1d3f03b9a420ec6e33100,e0d8e0b0ccd487ef,Kaze tachinu (2013),Animation|Biography|Drama,"['Animation', 'Drama']"
2015315,2015315.jpg,../data/raw/2015315.jpg,182,268,JPEG,8c96bd6f98d5d75f03331b61de8860e7,1e9e8e8eb6e665c0,Poo-reun so-geum (2011),Action|Crime|Romance,"['Action', 'Romance']"
2033372,2033372.jpg,../data/raw/2033372.jpg,182,268,JPEG,f636305559de2e8bbf4e3ba5b6c7a14f,07066b6b4b0d0f2b,Toy Story Toons: Small Fry (2011),Animation|Short|Comedy,"['Animation', 'Comedy']"
2043757,2043757.jpg,../data/raw/2043757.jpg,182,268,JPEG,307a986f5811f2b4b35eda4f21fab3d3,d8c4e47163c8e41c,2-Headed Shark Attack (2012),Action|Horror|Sci-Fi,"['Action', 'Horror']"
206013,206013.jpg,../data/raw/206013.jpg,182,268,JPEG,98c1bb90124c86e1d7041e0e17489af6,baa824f0aae4f138,My Neighbors the Yamadas (1999),Animation|Comedy|Family,"['Animation', 'Comedy']"
206067,206067.jpg,../data/raw/206067.jpg,182,268,JPEG,251ed68aeead89183a39613e9b33a0d6,b2ec0c982d65332b,Kachche Dhaage (1999),Action|Drama|Romance,"['Action', 'Drama', 'Romance']"
206187,206187.jpg,../data/raw/206187.jpg,182,268,JPEG,fb37453d21340df0fcfe9b4f2be6b585,22b14959112721c4,Keep the River on Your Right: A Modern Cannibal Tale (2000),Documentary|Adventure|Romance,"['Adventure', 'Romance']"
2062575,2062575.jpg,../data/raw/2062575.jpg,182,268,JPEG,9b3f45738592fef3d18ba0c87231a77b,f0d07475f496cc68,La vida precoz y breve de Sabina Rivas (2012),Adventure|Drama|Romance,"['Adventure', 'Drama', 'Romance']"
206367,206367.jpg,../data/raw/206367.jpg,182,268,JPEG,2489771a4471f6aac3db3c5ba36369c9,70a1f9e8d8d2b687,The Trumpet of the Swan (2001),Animation|Drama|Family,"['Animation', 'Drama']"
2070759,2070759.jpg,../data/raw/2070759.jpg,182,268,JPEG,6987c1ca88f7978d57cec22ce078ddbd,3616486ab8fcd4f0,Ninjas vs. Monsters (2012),Action|Comedy|Horror,"['Action', 'Comedy', 'Horror']"
2073520,2073520.jpg,../data/raw/2073520.jpg,182,268,JPEG,9eb19787ac1af794675ef0e5208dd15a,9374b6b2b83cbab6,An Oversimplification of Her Beauty (2012),Animation|Comedy|Drama,"['Animation', 'Comedy', 'Drama']"
2077703,2077703.jpg,../data/raw/2077703.jpg,182,268,JPEG,5f96146ac517546d76d6012772d25b48,6d073371570e2b4d,Aya de Yopougon (2013),Animation|Drama|Romance,"['Animation', 'Drama', 'Romance']"
2077826,2077826.jpg,../data/raw/2077826.jpg,182,268,JPEG,94174989311ca131e8ac191c5ef012f1,67876be9f6d9d4f6,Pokemon the Movie: White - Victini and Zekrom (2011),Animation|Adventure|Drama,"['Animation', 'Adventure', 'Drama']"
2077908,2077908.jpg,../data/raw/2077908.jpg,182,268,JPEG,2432764970252c832cd4016fd8183584,717379dbf3c3d29b,Zarafa (2012),Animation|Adventure|Family,"['Animation', 'Adventure']"
2078523,2078523.jpg,../data/raw/2078523.jpg,182,268,JPEG,7a923fe0349a6cb177bf0814a35079b2,0acfd72b7a361617,009 Re: Cyborg (2012),Animation|Action|Sci-Fi,"['Animation', 'Action']"
208069,208069.jpg,../data/raw/208069.jpg,182,268,JPEG,c4ad9f60ac2fec18f7026bcbb7ce60e6,312356576d090284,Coo: Tooi Umi Kara Kita Coo (1993),Animation|Action|Family,"['Animation', 'Action']"
208185,208185.jpg,../data/raw/208185.jpg,182,268,JPEG,006bc4cec36951120ed126e8e1506b28,92ca8eea5adc3ada,An Extremely Goofy Movie (2000),Animation|Comedy|Family,"['Animation', 'Comedy']"
208423,208423.jpg,../data/raw/208423.jpg,182,268,JPEG,a28c439333b909da4c454f58a5a99ef5,b4d0d0f0c86a72d0,Santo vs. las lobas (1976),Action|Fantasy|Horror,"['Action', 'Horror']"
2085930,2085930.jpg,../data/raw/2085930.jpg,182,268,JPEG,3b2e9882f858a78cb33d48a8959e6a46,c4c276c330268321,Starship Troopers: Invasion (2012),Animation|Action|Sci-Fi,"['Animation', 'Action']"
208654,208654.jpg,../data/raw/208654.jpg,182,268,JPEG,f3fd1f3e7f5e7b7be5a52425469b571e,6984988c9c6234b2,'Twas the Night Before Christmas (1974),Animation|Short|Family,['Animation']
2086830,2086830.jpg,../data/raw/2086830.jpg,182,268,JPEG,d9baa3da490130f9cf668a940dbb656b,d1bcee2c9869d9d4,Dwae-ji-ui wang (2011),Animation|Drama|Thriller,"['Animation', 'Drama']"
2088923,2088923.jpg,../data/raw/2088923.jpg,182,268,JPEG,8c7282b37b847b6a4f953e2e259ffe11,d9c0c60f3d11676e,The Cloth (2013),Action|Fantasy|Horror,"['Action', 'Horror']"
2091935,2091935.jpg,../data/raw/2091935.jpg,182,268,JPEG,b6681fa0f3069ffb723021f4aa3c62ac,af7d4ec76fe6f2b2,Mr. Right (2015),Action|Comedy|Romance,"['Action', 'Comedy', 'Romance']"
2093997,2093997.jpg,../data/raw/2093997.jpg,182,268,JPEG,4896f6b2f80ef71976df8dd9251d07c6,3bbbceb595dab99b,From Dad to Son (2012),Animation|Short|Drama,"['Animation', 'Drama']"
2095004,2095004.jpg,../data/raw/2095004.jpg,182,268,JPEG,e2d4d9d55d2e3c50366ab09f9390ca70,f0e8dc7332f1b9b0,Where the Dead Go to Die (2012),Animation|Fantasy|Horror,"['Animation', 'Horror']"
2096673,2096673.jpg,../data/raw/2096673.jpg,182,268,JPEG,093819ea45a3ce1c9debb18f6f74682d,c9e8e1f0b3b3d1d0,Inside Out (2015),Animation|Adventure|Comedy,"['Animation', 'Adventure', 'Comedy']"
2097307,2097307.jpg,../data/raw/2097307.jpg,182,268,JPEG,1f3de13e9e1f14371b7f56caa27bef99,4d53675f19190f2f,Hit and Run (2012),Action|Comedy|Romance,"['Action', 'Comedy', 'Romance']"
2100093,2100093.jpg,../data/raw/2100093.jpg,182,268,JPEG,1de499319e0a0f28879217c4d44617d5,4869328646270615,Air Mater,Animation|Adventure|Comedy,"['Animation', 'Adventure', 'Comedy']"
2100546,2100546.jpg,../data/raw/2100546.jpg,182,268,JPEG,14dd5b1d5bf3709e7214fa8e787fd43e,38f4dcb67638670b,Ice Age: A Mammoth Christmas (2011),Animation|Short|Adventure,"['Animation', 'Adventure']"
210234,210234.jpg,../data/raw/210234.jpg,182,268,JPEG,b792b9b67c3880ad6274f43b7167dc3b,37cce80bd6b22b33,Pokí©mon: The Movie 2000 (1999),Animation|Action|Adventure,"['Animation', 'Action', 'Adventure']"
21025,21025.jpg,../data/raw/21025.jpg,182,268,JPEG,92a23eb28741bec743a7e833ea1a07d9,7130b8f95844b0ab,King of Jazz (1930),Animation|Comedy|Music,"['Animation', 'Comedy']"
2111392,2111392.jpg,../data/raw/2111392.jpg,182,268,JPEG,aa8c2449c73b528441699a43e0bfe256,1c52222d1d09935b,Raze (2013),Action|Drama|Horror,"['Action', 'Drama', 'Horror']"
2112281,2112281.jpg,../data/raw/2112281.jpg,182,268,JPEG,1f72cc5bdcd6f7f85cb2df138bf2d4eb,8d1373b5b2e0cb49,Tangled Ever After (2012),Animation|Short|Action,"['Animation', 'Action']"
2114058,2114058.jpg,../data/raw/2114058.jpg,182,268,JPEG,ec6269ea544c32e79c6bcb3b1edd44ab,e212042283868941,LEGO HERO Factory: Rise of the Rookies (2010),Animation|Action|Adventure,"['Animation', 'Action', 'Adventure']"
211443,211443.jpg,../data/raw/211443.jpg,182,268,JPEG,59937473881bcd5048d638c35f80bcc4,b2e4b6d4f2e8e8f0,Jason X (2001),Action|Horror|Sci-Fi,"['Action', 'Horror']"
2117905,2117905.jpg,../data/raw/2117905.jpg,182,268,JPEG,94aaf6e69293b4c0b4e6a4505586c91c,3b1b8018336fce86,Lake Placid: The Final Chapter (2012),Action|Horror|Sci-Fi,"['Action', 'Horror']"
2118009,2118009.jpg,../data/raw/2118009.jpg,182,268,JPEG,f39c5eaebe7f656f6d1a86ed679fb859,b2b686d8f0e0b020,Toxin (2014),Action|Horror,"['Action', 'Horror']"
2132405,2132405.jpg,../data/raw/2132405.jpg,182,268,JPEG,2a44d72fdd20ae5de16800874bc50f1a,993973c5c767ae6b,O-ssak-han yeon-ae (2011),Comedy|Horror|Romance,"['Comedy', 'Horror', 'Romance']"
215135,215135.jpg,../data/raw/215135.jpg,182,268,JPEG,d0bfe67ef854bc70a3c36f91b961a4c1,1398dc83c865c724,Route 666 (2001),Action|Horror|Thriller,"['Action', 'Horror']"
215948,215948.jpg,../data/raw/215948.jpg,182,268,JPEG,9f62006050cdc8d96d2b874621b9b413,32b3162738192131,M.D. Geist: Director's Cut (1986),Animation|Action|Sci-Fi,"['Animation', 'Action']"
2160163,2160163.jpg,../data/raw/2160163.jpg,182,268,JPEG,8c6a1692940cb3f7f438606c91dbd8ca,e8f0f0e8f0103070,Exaella (2011),Animation|Action|Drama,"['Animation', 'Action', 'Drama']"
216546,216546.jpg,../data/raw/216546.jpg,182,268,JPEG,257c6671e2b0dad09f811a7acb06f23e,414fc33976271983,Django and Sartana Are Coming... It's the End (1970),Action|Drama|Western,"['Action', 'Drama']"
216651,216651.jpg,../data/raw/216651.jpg,182,268,JPEG,eee5154f84432e986aa7a80e1d465a41,3c4c32399c9cb880,Vampire Hunter D: Bloodlust (2000),Animation|Action|Adventure,"['Animation', 'Action', 'Adventure']"
2166834,2166834.jpg,../data/raw/2166834.jpg,182,268,JPEG,98d81e20cac23c56555fd8ad3fa65b84,6ad2d3e28d987ecc,"Batman: The Dark Knight Returns, Part 2 (2013)",Animation|Action|Adventure,"['Animation', 'Action', 'Adventure']"
21720,21720.jpg,../data/raw/21720.jpg,182,268,JPEG,8dc994948551774b55b69bc1af9af60e,faee74d6e9353617,The Cat's Out (1931),Animation|Short|Comedy,"['Animation', 'Comedy']"
2175842,2175842.jpg,../data/raw/2175842.jpg,182,268,JPEG,f85d6c8af55295209832489bc8f52b15,f29a8948e0c8ea78,The Longest Daycare (2012),Animation|Short|Comedy,"['Animation', 'Comedy']"
217635,217635.jpg,../data/raw/217635.jpg,182,268,JPEG,afe7fe76469e273d20f8505ceeb6bd78,ca29d9db431392d6,M.D. Geist II (1996),Animation|Action|Sci-Fi,"['Animation', 'Action']"
2179087,2179087.jpg,../data/raw/2179087.jpg,182,268,JPEG,395dccde84b9bae79c8219f62ab08115,73f39c304441e6e4,I Will Follow You Into the Dark (2012),Drama|Horror|Romance,"['Drama', 'Horror', 'Romance']"
218121,218121.jpg,../data/raw/218121.jpg,182,268,JPEG,0f1617d4e12432d27a9962978ad15c60,eb27271b39191133,Model Behavior,Animation|Action|Adventure,"['Animation', 'Action', 'Adventure']"
2199571,2199571.jpg,../data/raw/2199571.jpg,182,268,JPEG,8805487b98038d5588b9178d68958b2b,b4b4b2e8d49e72b0,Run All Night (2015),Action|Crime|Drama,"['Action', 'Drama']"
2204315,2204315.jpg,../data/raw/2204315.jpg,182,268,JPEG,a414209f65e47e7bcefdb911d77f420f,acda2b7b070c0d33,Saving Santa (2013),Animation|Adventure|Comedy,"['Animation', 'Adventure', 'Comedy']"
2210463,2210463.jpg,../data/raw/2210463.jpg,182,268,JPEG,5ccf42d1db0e40f058724b4a405ef46c,0ca969638793cae3,Battle of the Damned (2013),Action|Adventure|Horror,"['Action', 'Adventure', 'Horror']"
2210479,2210479.jpg,../data/raw/2210479.jpg,182,268,JPEG,e71f0695456f77f4b77da98e9968d596,7d6d783e3fd7fcf0,Berserk: The Golden Age Arc I - The Egg of the King (2012),Animation|Action|Adventure,"['Animation', 'Action', 'Adventure']"
2215457,2215457.jpg,../data/raw/2215457.jpg,182,268,JPEG,d6b39aeda43ab5fa8df4fc027f887cf0,5913755d1d13fde0,Run (2013),Action|Romance|Thriller,"['Action', 'Romance']"
2224026,2224026.jpg,../data/raw/2224026.jpg,182,268,JPEG,2773fb7298fd1bd880fab13fd5358a46,41332f9e1e55757d,Home (2015),Animation|Adventure|Comedy,"['Animation', 'Adventure', 'Comedy']"
2224455,2224455.jpg,../data/raw/2224455.jpg,182,268,JPEG,740d8cdf22248a2904c02ef4816650a3,b6cc68994024124b,Superman vs. The Elite (2012),Animation|Action|Sci-Fi,"['Animation', 'Action']"
2229511,2229511.jpg,../data/raw/2229511.jpg,182,268,JPEG,c5b5964dd986be6583515d69fa6c691b,dc64e6a2a4f0f0d0,Wer (2013),Action|Horror|Mystery,"['Action', 'Horror']"
2231208,2231208.jpg,../data/raw/2231208.jpg,182,268,JPEG,3019beb24162433610eb4610c2001ef5,85dcf8d8dedcd0f8,Uma HistÌ_ria de Amor e FÌ¼ria (2013),Animation|Adventure|Drama,"['Animation', 'Adventure', 'Drama']"
2231253,2231253.jpg,../data/raw/2231253.jpg,182,268,JPEG,3b123e49e2fc89b78f80b70abc49e248,c6879c3141c9cb86,Wild Card (2015),Action|Crime|Drama,"['Action', 'Drama']"
2234550,2234550.jpg,../data/raw/2234550.jpg,182,268,JPEG,95fc465bd15500b66a930f4fac0ab5ac,b1a5b3c6ce4db1a1,LEGO Hero Factory: Savage Planet (2011),Animation|Action|Adventure,"['Animation', 'Action', 'Adventure']"
223503,223503.jpg,../data/raw/223503.jpg,182,268,JPEG,bc60a6ab1fa323eac52173cf1219f6a7,c6f67e7efc7dfcbf,"IhatÌ«bu gensÌ«, Kenji no haru (1996)",Animation|Biography|Drama,"['Animation', 'Drama']"
2236182,2236182.jpg,../data/raw/2236182.jpg,182,268,JPEG,38b6b13f2341e61cab3fedaf205f7aa0,d4ecf0b41c3cf2b4,Rise of the Zombies (2012),Action|Horror|Thriller,"['Action', 'Horror']"
2243469,2243469.jpg,../data/raw/2243469.jpg,182,268,JPEG,cf95297dce421329ed32c05baa6d2a5b,0fb6b2bcacf0d299,"PapÌÁ, soy una zombi (2011)",Animation|Comedy|Fantasy,"['Animation', 'Comedy']"
2243621,2243621.jpg,../data/raw/2243621.jpg,182,268,JPEG,4cbf45babe8eca9163b6539eb076156b,e4bba9e965c41016,Snow Queen (2012),Animation|Adventure|Family,"['Animation', 'Adventure']"
2245084,2245084.jpg,../data/raw/2245084.jpg,182,268,JPEG,82045c5606ec2b1ae5cc60dcd833df98,f8ec4de76723b171,Big Hero 6 (2014),Animation|Action|Adventure,"['Animation', 'Action', 'Adventure']"
22454,22454.jpg,../data/raw/22454.jpg,182,268,JPEG,9c86164ce6f10a46abcdd66a58e48b49,b0c1c44e4cf0c0a6,Svengali (1931),Drama|Horror|Romance,"['Drama', 'Horror', 'Romance']"
2246549,2246549.jpg,../data/raw/2246549.jpg,182,268,JPEG,f5672472d80c472defa19e1b4534be3c,d0d8eee60a4e9cd8,Abraham Lincoln vs. Zombies (2012),Action|Comedy|Horror,"['Action', 'Comedy', 'Horror']"
22495,22495.jpg,../data/raw/22495.jpg,182,268,JPEG,ea6af0c5e459316be4769674d9640730,7810166c6c790f0d,Trader Horn (1931),Adventure|Romance,"['Adventure', 'Romance']"
2253742,2253742.jpg,../data/raw/2253742.jpg,182,268,JPEG,dbdf3b1eb94e7605f597e107b944d423,dccc3323e8583288,Al-too-bi: Riteon too beiseu (2012),Action|Drama|Romance,"['Action', 'Drama', 'Romance']"
2253947,2253947.jpg,../data/raw/2253947.jpg,182,268,JPEG,5f921ed170cc30585e82b282e26fef9d,969c7ae8c0c40d97,Consuming Spirits (2012),Animation|Comedy|Drama,"['Animation', 'Comedy', 'Drama']"
226018,226018.jpg,../data/raw/226018.jpg,182,268,JPEG,034fb4c9d7b85c13d5480189b1f38420,ec0c9cf0ec1b3c61,Final Episode (1974),Action|Crime|Drama,"['Action', 'Drama']"
2262227,2262227.jpg,../data/raw/2262227.jpg,182,268,JPEG,4506a351f166a96dbfdd9e8e090485b7,d9f0f0d6d8c597d7,The Book of Life (2014),Animation|Adventure|Comedy,"['Animation', 'Adventure', 'Comedy']"
2262345,2262345.jpg,../data/raw/2262345.jpg,182,268,JPEG,efda2f1215b6c59bbf4321e09129f3b7,d022267084c083e2,Tout en haut du monde (2015),Animation|Action|Adventure,"['Animation', 'Action', 'Adventure']"
2263944,2263944.jpg,../data/raw/2263944.jpg,182,268,JPEG,316e01c9b92095ea8323d0fbca80e013,7068247429eac0d8,Dragon Ball Z: Doragon bÌ«ru Z - Kami to Kami (2013),Animation|Action|Comedy,"['Animation', 'Action', 'Comedy']"
22670,22670.jpg,../data/raw/22670.jpg,182,268,JPEG,ed43714f09d1af8711e8256373418ca5,8aea8e96929e9ebe,Betty Boop's Museum (1932),Animation|Short|Comedy,"['Animation', 'Comedy']"
2267968,2267968.jpg,../data/raw/2267968.jpg,182,268,JPEG,bb1072123e3b5960a1e9600d6ad267b2,458f8e9632b2969c,Kung Fu Panda 3 (2016),Animation|Action|Adventure,"['Animation', 'Action', 'Adventure']"
2268419,2268419.jpg,../data/raw/2268419.jpg,182,268,JPEG,9ffaff158ed168bf047f282587b7a76f,92ec64473b87d4f0,Dead in Tombstone (2013),Action|Fantasy|Horror,"['Action', 'Horror']"
2268617,2268617.jpg,../data/raw/2268617.jpg,182,268,JPEG,2ebce9642d0660c06c9a03faab71c8d6,caccc4372396294b,Puss in Boots: The Three Diablos (2012),Animation|Short|Adventure,"['Animation', 'Adventure']"
22689,22689.jpg,../data/raw/22689.jpg,182,268,JPEG,e516b21783041926d794b283567a6d86,d7ffea1c346ca2c3,Bird of Paradise (1932),Adventure|Romance|Drama,"['Adventure', 'Romance', 'Drama']"
2279373,2279373.jpg,../data/raw/2279373.jpg,182,268,JPEG,8698ef87f43447dbe8daf14cda2976dc,0a4270202c4cc889,The SpongeBob Movie: Sponge Out of Water (2015),Animation|Adventure|Comedy,"['Animation', 'Adventure', 'Comedy']"
228333,228333.jpg,../data/raw/228333.jpg,182,268,JPEG,44fbc337333d6d3d65c3f09abb24d364,b3339aec8c96e8d2,Ghosts of Mars (2001),Action|Horror|Sci-Fi,"['Action', 'Horror']"
228687,228687.jpg,../data/raw/228687.jpg,182,268,JPEG,6dc951dc861ec5412fe9b7f94409c740,86da9b8cce8bc0e0,Otesíçnek (2000),Animation|Comedy|Drama,"['Animation', 'Comedy', 'Drama']"
2288005,2288005.jpg,../data/raw/2288005.jpg,182,268,JPEG,72d5c2108847794906d7ae4c183d3fbc,e9e04ed28394cca6,A Turtle's Tale 2: Sammy's Escape from Paradise (2012),Animation|Adventure|Family,"['Animation', 'Adventure']"
2290828,2290828.jpg,../data/raw/2290828.jpg,182,268,JPEG,ca6a1e23b29793bba4cb75ced54eb585,1f1759d5377369f0,Road to Ninja: Naruto the Movie (2012),Animation|Action|Adventure,"['Animation', 'Action', 'Adventure']"
2292182,2292182.jpg,../data/raw/2292182.jpg,182,268,JPEG,9b28ef4a12178a767a18f4de10e4271d,97c0eca0b898f460,Shark Week (2012),Action|Horror|Sci-Fi,"['Action', 'Horror']"
2293640,2293640.jpg,../data/raw/2293640.jpg,182,268,JPEG,42d73fb7de5d924fbd9a1366da01d33e,2b2b00032b2b0f06,Minions (2015),Animation|Action|Adventure,"['Animation', 'Action', 'Adventure']"
2294629,2294629.jpg,../data/raw/2294629.jpg,182,268,JPEG,560266f0c629af1e3dfc988f360f4f73,f4d0d9f0aecc258e,Frozen (2013),Animation|Adventure|Comedy,"['Animation', 'Adventure', 'Comedy']"
2296935,2296935.jpg,../data/raw/2296935.jpg,182,268,JPEG,501371c83c015ac9ecb7bedfc82c0e38,e3c1f923cedc8423,The Legend of Sarila (2013),Animation|Adventure|Family,"['Animation', 'Adventure']"
2299368,2299368.jpg,../data/raw/2299368.jpg,182,268,JPEG,ebe2733e42fcc7301ad825bd98adbfb9,e1ebad161e27139c,A Fairly Odd Christmas (2012),Animation|Comedy|Family,"['Animation', 'Comedy']"
230011,230011.jpg,../data/raw/230011.jpg,182,268,JPEG,1ecc570bcaf58e63477e747a86fc9bff,2638e8f02432e449,Atlantis: The Lost Empire (2001),Animation|Action|Adventure,"['Animation', 'Action', 'Adventure']"
2301900,2301900.jpg,../data/raw/2301900.jpg,182,268,JPEG,32e47313b73df05d68b7741177fb8a3f,d89ceda9e8f028d1,Puppet Master X: Axis Rising (2012),Action|Fantasy|Horror,"['Action', 'Horror']"
2302601,2302601.jpg,../data/raw/2302601.jpg,182,268,JPEG,890fc7bed19a2dbee494a56a4521cbca,e86cca8a9edb125e,Evil Feed (2013),Action|Horror,"['Action', 'Horror']"
2302966,2302966.jpg,../data/raw/2302966.jpg,182,268,JPEG,8605c62602558006f7c179c37abe86ea,f6e0e8b8f42431e0,i (2015),Action|Romance|Thriller,"['Action', 'Romance']"
2303110,2303110.jpg,../data/raw/2303110.jpg,182,268,JPEG,9036963fe66fd163b4ba84e5519c5e26,b397ce541c698d9a,Rise of the Dinosaurs (2013),Action|Horror|Sci-Fi,"['Action', 'Horror']"
2308773,2308773.jpg,../data/raw/2308773.jpg,182,268,JPEG,253ba03c272e10f7575a0ac3bccb43a6,8369484691eb5a1e,Ishaqzaade (2012),Action|Drama|Romance,"['Action', 'Drama', 'Romance']"
2312262,2312262.jpg,../data/raw/2312262.jpg,182,268,JPEG,0458c0dd083433d2984c458140b5ae5a,27e1c8cccccce4f5,Dick Figures: The Movie (2013),Animation|Action|Adventure,"['Animation', 'Action', 'Adventure']"
2313197,2313197.jpg,../data/raw/2313197.jpg,182,268,JPEG,59d26c253c5416cd6653e7a2fbe7bd84,8164d3a416f3e3f3,"Batman: The Dark Knight Returns, Part 1 (2012)",Animation|Action|Adventure,"['Animation', 'Action', 'Adventure']"
231626,231626.jpg,../data/raw/231626.jpg,182,268,JPEG,c5b6151eb94516299a2484eac0427e5f,7f134341dd4f4b0b,G.I. Joe: A Real American Hero,Animation|Action|Sci-Fi,"['Animation', 'Action']"
231627,231627.jpg,../data/raw/231627.jpg,182,268,JPEG,db17ffb31b2a03786e61b74701797b70,94510565cd4c6ba4,G.I. Joe: The Revenge of Cobra,Action|Animation,"['Action', 'Animation']"
2318440,2318440.jpg,../data/raw/2318440.jpg,182,268,JPEG,724a5c34cf911e6d8d4616b404b3d51a,69328ccc4cc69cc8,Adventure Planet (2012),Animation|Adventure,"['Animation', 'Adventure']"
232002,232002.jpg,../data/raw/232002.jpg,182,268,JPEG,6935f498240d18cef1df3ecc0417b897,48e8a329b8b21e8c,The Loretta Claiborne Story,Animation|Action|Adventure,"['Animation', 'Action', 'Adventure']"
2321405,2321405.jpg,../data/raw/2321405.jpg,182,268,JPEG,9f0712c655d3bee3caedc42d6402c136,33931f078e07074d,My Life as a Zucchini (2016),Animation|Comedy|Drama,"['Animation', 'Comedy', 'Drama']"
2332579,2332579.jpg,../data/raw/2332579.jpg,182,268,JPEG,6372143b309cc535b69d78fea61a8e66,9ab27333accee6f2,Crystal Fairy & the Magical Cactus and 2012 (2013),Adventure|Comedy|Romance,"['Adventure', 'Comedy', 'Romance']"
233298,233298.jpg,../data/raw/233298.jpg,182,268,JPEG,3460181de5a69e5b790331b15db1efac,a4ac9cd4d4d0e86e,Batman Beyond: Return of the Joker (2000),Animation|Action|Crime,"['Animation', 'Action']"
233856,233856.jpg,../data/raw/233856.jpg,182,268,JPEG,24f87db33ba4d874c78cf1e6cfd0fa58,cd8693153d131319,Hello Brother (1999),Action|Comedy|Romance,"['Action', 'Comedy', 'Romance']"
2354196,2354196.jpg,../data/raw/2354196.jpg,182,268,JPEG,855556fe88f61be95d0594f75a4fa97f,9746c89a337fb79f,Croczilla (2012),Action|Comedy|Horror,"['Action', 'Comedy', 'Horror']"
23551,23551.jpg,../data/raw/23551.jpg,182,268,JPEG,1b9d7064953be08cda2c6971b11db8dc,9af23eabf4072b2c,Tarzan the Ape Man (1932),Action|Adventure|Romance,"['Action', 'Adventure', 'Romance']"
2357291,2357291.jpg,../data/raw/2357291.jpg,182,268,JPEG,cdfd1dc984d5c0b81ab84c86b4bdbed0,f0f0e0c88cce63b4,Rio 2 (2014),Animation|Adventure|Comedy,"['Animation', 'Adventure', 'Comedy']"
2357423,2357423.jpg,../data/raw/2357423.jpg,182,268,JPEG,1fb18544954ddfe13f98a8172caea7d3,c4cca0f0f0c868f0,The Prey (2017),Action|Comedy|Horror,"['Action', 'Comedy', 'Horror']"
2358911,2358911.jpg,../data/raw/2358911.jpg,182,268,JPEG,54bb8bcc3ef4168abf80687f6bef33a2,77b69737357329f8,Berserk: The Golden Age Arc II - The Battle for Doldrey (2012),Animation|Action|Adventure,"['Animation', 'Action', 'Adventure']"
2358913,2358913.jpg,../data/raw/2358913.jpg,182,268,JPEG,aff9c1299d657db27853947933ad0f41,cc0e96cce8d8d061,Berserk: The Golden Age Arc III - The Advent (2013),Animation|Action|Fantasy,"['Animation', 'Action']"
2361846,2361846.jpg,../data/raw/2361846.jpg,182,268,JPEG,3494b9766f9721f40b7c2f18656d469c,68e0c2c2e62c9cc6,Cheatin' (2013),Animation|Comedy|Drama,"['Animation', 'Comedy', 'Drama']"
2368619,2368619.jpg,../data/raw/2368619.jpg,182,268,JPEG,6b9d68d03a7ddc9d2b606712f4bb9079,f3e6a6e783923ab4,Bastille Day (2016),Action|Crime|Drama,"['Action', 'Drama']"
2368672,2368672.jpg,../data/raw/2368672.jpg,182,268,JPEG,478f93bde72be43f25de82a4977d205a,f0c8c470e8d8e0f0,Minuscule: Valley of the Lost Ants (2013),Animation|Adventure|Family,"['Animation', 'Adventure']"
2369305,2369305.jpg,../data/raw/2369305.jpg,182,268,JPEG,d2785549a16575a386cf3d0b9d27df63,787874b2c46c4858,Skull Forest (2012),Action|Adventure|Horror,"['Action', 'Adventure', 'Horror']"
2371399,2371399.jpg,../data/raw/2371399.jpg,182,268,JPEG,04756ee4288bcf5ce5a3b35cd9205283,0b4996b7e2d290cd,Muumit Rivieralla (2014),Animation|Comedy|Family,"['Animation', 'Comedy']"
2372222,2372222.jpg,../data/raw/2372222.jpg,182,268,JPEG,b8a759d14800a1a82f98120df260c091,64d0c08e8d8cd8f8,Kick (2014),Action|Romance|Thriller,"['Action', 'Romance']"
237765,237765.jpg,../data/raw/237765.jpg,182,268,JPEG,de09d85d51db76a5e567e967f9274bf3,7030b2c23b889032,Sonic the Hedgehog: The Movie (1996),Animation|Action|Adventure,"['Animation', 'Action', 'Adventure']"
2378453,2378453.jpg,../data/raw/2378453.jpg,182,268,JPEG,cac4faf330a98250ef57a8860a2679e8,ce8d1f12070f2797,Avenged (2013),Action|Fantasy|Horror,"['Action', 'Horror']"
23797,23797.jpg,../data/raw/23797.jpg,182,268,JPEG,64e7f1fd121014feba7c923f655e1817,8aca8296b684cee8,Betty Boop's Big Boss (1933),Animation|Short|Comedy,"['Animation', 'Comedy']"
2381213,2381213.jpg,../data/raw/2381213.jpg,182,268,JPEG,10adb7b8c528bdba870fb85921649812,f0664bf8f1d2d6cd,Sundown (2016),Action|Comedy|Romance,"['Action', 'Comedy', 'Romance']"
2381962,2381962.jpg,../data/raw/2381962.jpg,182,268,JPEG,a50baa074df626d51a63d7b725a83ad5,e0e4ca161ba1528e,Hansel & Gretel: Warriors of Witchcraft (2013),Action|Adventure|Horror,"['Action', 'Adventure', 'Horror']"
2381991,2381991.jpg,../data/raw/2381991.jpg,182,268,JPEG,a841dbf4c99183ca1300ea43b0383ab4,f090ec2f2fb4ecd2,The Huntsman: Winter's War (2016),Action|Adventure|Drama,"['Action', 'Adventure', 'Drama']"
2382004,2382004.jpg,../data/raw/2382004.jpg,182,268,JPEG,5889b920d2ba2ce3171aa2ef69c8b18f,bacc9696ccccb0c4,2 Hours (2012),Short|Action|Horror,"['Action', 'Horror']"
238414,238414.jpg,../data/raw/238414.jpg,182,268,JPEG,f179e7583b11331d1c415d326b2ee7c3,71e4a4c38844e7b6,Mickey's Once Upon a Christmas (1999),Animation|Comedy|Family,"['Animation', 'Comedy']"
2386278,2386278.jpg,../data/raw/2386278.jpg,182,268,JPEG,512d79bf0e27fc599c911ad0fb723062,6570504969714561,Haunt (2014),Horror|Mystery|Romance,"['Horror', 'Romance']"
2388725,2388725.jpg,../data/raw/2388725.jpg,182,268,JPEG,3bbe2260203052457c243427ee17d038,86fefef8fc800234,Paperman (2012),Animation|Short|Comedy,"['Animation', 'Comedy']"
2391009,2391009.jpg,../data/raw/2391009.jpg,182,268,JPEG,4e3c2a3725f556915cea711fbcd519f8,3309311119a97131,Head Over Heels (2012),Animation|Short|Comedy,"['Animation', 'Comedy']"
2396224,2396224.jpg,../data/raw/2396224.jpg,182,268,JPEG,dc4a07d8496f91f3a097fd365fdc3401,d40071f8ecf01084,It's Such a Beautiful Day (2012),Animation|Comedy|Drama,"['Animation', 'Comedy', 'Drama']"
239921,239921.jpg,../data/raw/239921.jpg,182,268,JPEG,d9415548c41960215b875f3605e7f47d,e1fb1e7cfd038619,Ruka (1965),Animation|Short|Horror,"['Animation', 'Horror']"
2401878,2401878.jpg,../data/raw/2401878.jpg,182,268,JPEG,861843953533694c5fef9e757be3c94b,1d277131c0c88916,Anomalisa (2015),Animation|Comedy|Drama,"['Animation', 'Comedy', 'Drama']"
240425,240425.jpg,../data/raw/240425.jpg,182,268,JPEG,d667cd65ff7a33755d50dd1cc2aac4c0,2bfc7c3930e6dcb8,Comet in Moominland (1992),Animation|Adventure|Family,"['Animation', 'Adventure']"
2423504,2423504.jpg,../data/raw/2423504.jpg,182,268,JPEG,642e2a9032d21f1296b1bfd908499247,d8f8b0d4d1c5d032,Marudukku sukuranburu: Haiki (2012),Animation|Action|Drama,"['Animation', 'Action', 'Drama']"
243017,243017.jpg,../data/raw/243017.jpg,182,268,JPEG,2406a57996684254dd3e1719567bda10,31a8d4f110360e0d,Waking Life (2001),Animation|Drama|Fantasy,"['Animation', 'Drama']"
243558,243558.jpg,../data/raw/243558.jpg,182,268,JPEG,18a577a5c392b7771fca0a9f5cee3317,70e8e87c32b683c1,Revolutionary Girl Utena: The Movie (1999),Animation|Action|Adventure,"['Animation', 'Action', 'Adventure']"
2446040,2446040.jpg,../data/raw/2446040.jpg,182,268,JPEG,a0a26b80dc9c6aa3be55fdeb4e7bd6ca,71b2f2e444b4b198,Toy Story of Terror (2013),Animation|Short|Adventure,"['Animation', 'Adventure']"
2465238,2465238.jpg,../data/raw/2465238.jpg,182,268,JPEG,42a39b3a4e32beb83652b7f57b6a349d,b2d6e8e4c47496d9,Lego Batman: The Movie - DC Super Heroes Unite (2013),Animation|Action|Adventure,"['Animation', 'Action', 'Adventure']"
246544,246544.jpg,../data/raw/246544.jpg,182,268,JPEG,cc2a95201066e7b40af399bb62c932ef,c4e0e0e0ecf8d8e1,The Musketeer (2001),Action|Adventure|Romance,"['Action', 'Adventure', 'Romance']"
246786,246786.jpg,../data/raw/246786.jpg,182,268,JPEG,dccf8f3cd40c8a66182ba6cd803b1b16,40068f1f0e474b86,The Miracle Worker,Animation|Action|Adventure,"['Animation', 'Action', 'Adventure']"
246901,246901.jpg,../data/raw/246901.jpg,182,268,JPEG,ff5454a45fd63dc46d94aab7a96458ff,2fc5a47019cec636,Ruin Explorers,Animation|Adventure|Comedy,"['Animation', 'Adventure', 'Comedy']"
2483260,2483260.jpg,../data/raw/2483260.jpg,182,268,JPEG,178b039c7af3ce5b22e52335511c496b,e86934906996d4f6,The Pirate Fairy (2014),Animation|Adventure|Family,"['Animation', 'Adventure']"
248808,248808.jpg,../data/raw/248808.jpg,182,268,JPEG,35a318554c54ef82210f7d88fb7c9a1a,038b253786ec0f8e,For the Birds (2000),Animation|Short|Comedy,"['Animation', 'Comedy']"
249577,249577.jpg,../data/raw/249577.jpg,182,268,JPEG,e9cd30b803a5616c2bdc6a818419322d,22a6d8dcd29b8c99,Here Comes Peter Cottontail (1971),Animation|Comedy|Family,"['Animation', 'Comedy']"
249588,249588.jpg,../data/raw/249588.jpg,182,268,JPEG,a29b1f9b6574f8c0fb04af022e73edb8,cee7b3d94d4d0d0d,Hum To Mohabbat Karega (2000),Action|Comedy|Romance,"['Action', 'Comedy', 'Romance']"
249677,249677.jpg,../data/raw/249677.jpg,182,268,JPEG,fcf88252806bd3ec92347768d13f70f4,f0d4ecac929e92b0,Lady and the Tramp II: Scamp's Adventure (2001),Animation|Adventure|Family,"['Animation', 'Adventure']"
250440,250440.jpg,../data/raw/250440.jpg,182,268,JPEG,37ade3221ecc7322ddb38f02e35fa631,e82c70f39864688b,Daria in 'Is It Fall Yet?' (2000),Animation|Comedy,"['Animation', 'Comedy']"
251382,251382.jpg,../data/raw/251382.jpg,182,268,JPEG,6a8d4f184db5a98c66ef5b1fc73a2eaf,3971d3968e2b3ea4,Santa Who?,Animation|Action|Adventure,"['Animation', 'Action', 'Adventure']"
2515034,2515034.jpg,../data/raw/2515034.jpg,182,268,JPEG,dfa3de4e57fbbb715e80a9cba4abedba,1d9923661c796367,The Gunman (2015),Action|Crime|Drama,"['Action', 'Drama']"
251756,251756.jpg,../data/raw/251756.jpg,182,268,JPEG,9f1590cb407143806326a62209982ea0,9cd6d6a2a4dc9ae0,Jungle (2000),Action|Romance|Thriller,"['Action', 'Romance']"
2535470,2535470.jpg,../data/raw/2535470.jpg,182,268,JPEG,6059a59ac6f90d8fe770d32ae61f2abb,c69c1e5fcf9c3e3f,Wyrmwood: Road of the Dead (2014),Action|Comedy|Horror,"['Action', 'Comedy', 'Horror']"
253709,253709.jpg,../data/raw/253709.jpg,182,268,JPEG,c6945d9c540b2e27caf69421f9166d53,70e879a8e27030f1,Sin: The Movie (2000),Animation|Sci-Fi,['Animation']
25477,25477.jpg,../data/raw/25477.jpg,182,268,JPEG,17274db37df7f3c621dc9777ab466549,43080edec0f8b8c7,The Mascot (1933),Animation|Short|Adventure,"['Animation', 'Adventure']"
2548208,2548208.jpg,../data/raw/2548208.jpg,182,268,JPEG,fd3b1d770b40d1c8b9f30af860de0bd5,ec61757775ddcdb1,Poker Night (2014),Action|Crime|Horror,"['Action', 'Horror']"
255097,255097.jpg,../data/raw/255097.jpg,182,268,JPEG,2290b92cf6aca4c3d9bd5b68283f0f89,0e5ad496ce8ccc42,Deewane (2000),Action|Romance,"['Action', 'Romance']"
255198,255198.jpg,../data/raw/255198.jpg,182,268,JPEG,9f309bd49da08dbaf88a4628caf449c1,4a4c2d9b9aa5b171,Godzilla vs. Megaguirus (2000),Action|Horror|Sci-Fi,"['Action', 'Horror']"
256155,256155.jpg,../data/raw/256155.jpg,182,268,JPEG,ad86c150d3cc2f44559f94f411698476,aa34c1c8c8b0b830,Beneath Loch Ness (2001),Action|Horror|Thriller,"['Action', 'Horror']"
2573198,2573198.jpg,../data/raw/2573198.jpg,182,268,JPEG,7bc5f8f9ac0d4b9711a0b15a88cde70f,1b1f6f638e0ea663,Haru (2013),Animation|Drama|Romance,"['Animation', 'Drama', 'Romance']"
2574698,2574698.jpg,../data/raw/2574698.jpg,182,268,JPEG,726cf6940509c2a3a81c6b69b3c18f50,2f33b4c16d484d2b,Gunday (2014),Action|Drama|Romance,"['Action', 'Drama', 'Romance']"
2576852,2576852.jpg,../data/raw/2576852.jpg,182,268,JPEG,ecfd8510a1ae6a380d464c7ff8c03dd7,9270309aaaeb216d,The Tale of the Princess Kaguya (2013),Animation|Drama|Fantasy,"['Animation', 'Drama']"
2581244,2581244.jpg,../data/raw/2581244.jpg,182,268,JPEG,39ff5ab44ad09cd8d681dc97d419f4a4,5579656333337b4d,Life After Beth (2014),Comedy|Horror|Romance,"['Comedy', 'Horror', 'Romance']"
258470,258470.jpg,../data/raw/258470.jpg,182,268,JPEG,395e061ae144b7cf84c3ce890419cdb2,961d252929ae3317,Bubble Boy (2001),Adventure|Comedy|Romance,"['Adventure', 'Comedy', 'Romance']"
2585562,2585562.jpg,../data/raw/2585562.jpg,182,268,JPEG,eec2f45582ab9ffe3ed080bb8802be93,1992b8a9b9e8e9f1,Pizza (2012),Horror|Romance|Thriller,"['Horror', 'Romance']"
2586682,2586682.jpg,../data/raw/2586682.jpg,182,268,JPEG,f275397ac36754eb111ecaa316b76e96,1c8c840791903406,Ask Kirmizi (2013),Action|Drama|Romance,"['Action', 'Drama', 'Romance']"
259134,259134.jpg,../data/raw/259134.jpg,182,268,JPEG,83b1858f4128aa7b8c825afce75a5077,7fae3c580f2c0f8f,Corto Maltese: La cour secríÂte des Arcanes (2002),Animation|Adventure|Drama,"['Animation', 'Adventure', 'Drama']"
259308,259308.jpg,../data/raw/259308.jpg,182,268,JPEG,fc44d4f0e379b30197c59e7866bd3f69,7033c3ced4aa6ce0,Felix the Cat: The Movie (1988),Animation|Adventure|Family,"['Animation', 'Adventure']"
259685,259685.jpg,../data/raw/259685.jpg,182,268,JPEG,4b47ffad03d5a9e8def4472c1466d56e,692594a666d2cccc,Tremors 3: Back to Perfection (2001),Action|Comedy|Horror,"['Action', 'Comedy', 'Horror']"
259877,259877.jpg,../data/raw/259877.jpg,182,268,JPEG,aea74b9643f3a858e5fad5c8199e4451,b0b4be96e8e8c60a,Bandh Darwaza (1990),Action|Drama|Horror,"['Action', 'Drama', 'Horror']"
259929,259929.jpg,../data/raw/259929.jpg,182,268,JPEG,d9080c2c7c395c17d0d66fbbf5f4a064,f4aea63759d4ec6c,Christmas Carol: The Movie (2001),Animation|Family,['Animation']
259974,259974.jpg,../data/raw/259974.jpg,182,268,JPEG,3d0f302fac8178677f0fc9b3ea0246bf,b2f0e00e3386d0b2,Digimon: The Movie (2000),Animation|Action|Adventure,"['Animation', 'Action', 'Adventure']"
26094,26094.jpg,../data/raw/26094.jpg,182,268,JPEG,6e6538ebcb4428fa358931dec3f224ca,4d949792c96b327c,The Band Concert (1935),Family|Comedy|Animation,"['Comedy', 'Animation']"
2616880,2616880.jpg,../data/raw/2616880.jpg,182,268,JPEG,b1d65f737c9211b1c01d3784d4ea2685,4b2b2b2b232b6b55,The Blue Umbrella (2013),Animation|Short|Family,['Animation']
2617456,2617456.jpg,../data/raw/2617456.jpg,182,268,JPEG,e946d0beda843b79133b1023f5137fe1,725c04f4999c901b,Superman: Unbound (2013),Animation|Action|Adventure,"['Animation', 'Action', 'Adventure']"
26205,26205.jpg,../data/raw/26205.jpg,182,268,JPEG,40714331d44ad9e847c3f9efc07bb35f,343535e3d0c9599b,China Seas (1935),Action|Drama|Adventure,"['Action', 'Drama', 'Adventure']"
2622826,2622826.jpg,../data/raw/2622826.jpg,182,268,JPEG,3964dd8e6be5614f45adb594131965a7,33f617a7e73e2d2d,Avalanche Sharks (2014),Action|Horror|Sci-Fi,"['Action', 'Horror']"
2625948,2625948.jpg,../data/raw/2625948.jpg,182,268,JPEG,84a290d9c2122fd36e50f5ccac70de38,e4e3eb68b034d0d8,Seventy-Nine (2013),Action|Horror|Mystery,"['Action', 'Horror']"
263101,263101.jpg,../data/raw/263101.jpg,182,268,JPEG,8128a1a96db1d7c4eaa89fcac4848caf,d18d6d2d3bb28171,Bangkok Dangerous (2000),Action|Crime|Romance,"['Action', 'Romance']"
2636124,2636124.jpg,../data/raw/2636124.jpg,182,268,JPEG,f3f0baa99d830cfba80f374697fd39df,d8d64d26a7f8e8e8,Ghost in the Shell Arise: Border 1 - Ghost Pain (2013),Animation|Action|Sci-Fi,"['Animation', 'Action']"
2640460,2640460.jpg,../data/raw/2640460.jpg,182,268,JPEG,a71fe9d5cf3ba43de05e75cf3c87140a,32b3573e7c98f0f0,Kurmanjan datka (2014),Action|Biography|Drama,"['Action', 'Drama']"
2650986,2650986.jpg,../data/raw/2650986.jpg,182,268,JPEG,2d63e058ed3959dfaffdb12206a952e7,f1f5167869a8f0f0,Nordvest (2013),Action|Crime|Drama,"['Action', 'Drama']"
265104,265104.jpg,../data/raw/265104.jpg,182,268,JPEG,49389bb0fc4b7f0ce13633ecf8e7f881,6e8c9ede15f2f60f,The Breed (2001),Action|Adventure|Horror,"['Action', 'Adventure', 'Horror']"
2654124,2654124.jpg,../data/raw/2654124.jpg,182,268,JPEG,9feeda937b7ddc0d5cd7bf13e2590881,76b6f141747c2336,Iron Man: Rise of Technovore (2013),Animation|Action|Sci-Fi,"['Animation', 'Action']"
266010,266010.jpg,../data/raw/266010.jpg,182,268,JPEG,d1e3734938d534d3ad8a574403bb2bda,5753188eb3e9f379,BjÌ¦rk: Volumen (1999),Animation|Music,['Animation']
26663,26663.jpg,../data/raw/26663.jpg,182,268,JPEG,fd017a06fda77256c22ae8ffa88903f6,79514d5d65673171,Mad Love (1935),Horror|Romance|Sci-Fi,"['Horror', 'Romance']"
2667380,2667380.jpg,../data/raw/2667380.jpg,182,268,JPEG,758344d65268d3233f91624d25d52df7,cfceee3a361515b8,Kill Command (2016),Action|Horror|Sci-Fi,"['Action', 'Horror']"
2668134,2668134.jpg,../data/raw/2668134.jpg,182,268,JPEG,bced85a34101b9e82480d814027a19e9,92884c4666c45a98,Harlock: Space Pirate (2013),Animation|Adventure|Sci-Fi,"['Animation', 'Adventure']"
266860,266860.jpg,../data/raw/266860.jpg,182,268,JPEG,b692ab52666dc173d941795262da6881,903464cc1505eca8,Pokí©mon 3: The Movie (2000),Animation|Action|Adventure,"['Animation', 'Action', 'Adventure']"
267129,267129.jpg,../data/raw/267129.jpg,182,268,JPEG,035652fa5a81af2f510794f4dd63d52b,e7e491b96164646a,Yamakasi (2001),Action|Drama|Crime,"['Action', 'Drama']"
267617,267617.jpg,../data/raw/267617.jpg,182,268,JPEG,6ea48602123f466c11b5533de9eb28ee,759893b771e39bfb,Jigar (1992),Action|Drama|Romance,"['Action', 'Drama', 'Romance']"
267657,267657.jpg,../data/raw/267657.jpg,182,268,JPEG,3140ad6c9300fb273ebe9edc186ce798,f1a2b0bee3a19693,The Land Before Time VII: The Stone of Cold Fire (2000),Animation|Adventure|Family,"['Animation', 'Adventure']"
268397,268397.jpg,../data/raw/268397.jpg,182,268,JPEG,b52f69f45e6260f85d3509ba0eb7fc09,70f0f0d4a0961a31,Jimmy Neutron: Boy Genius (2001),Animation|Action|Adventure,"['Animation', 'Action', 'Adventure']"
269217,269217.jpg,../data/raw/269217.jpg,182,268,JPEG,e476c562658a54f77c76c6a09477f9f4,6be1002921c343c1,Fah talai jone (2000),Action|Comedy|Romance,"['Action', 'Comedy', 'Romance']"
26983,26983.jpg,../data/raw/26983.jpg,182,268,JPEG,515016bf67a193e4fefb474707c764da,4c7d71557347c441,She (1935),Adventure|Fantasy|Romance,"['Adventure', 'Romance']"
270933,270933.jpg,../data/raw/270933.jpg,182,268,JPEG,88588ab959a70003bf830dbc57e0c5c6,8a3236f0692bcce8,Escaflowne: The Movie (2000),Adventure|Animation|Drama,"['Adventure', 'Animation', 'Drama']"
2709768,2709768.jpg,../data/raw/2709768.jpg,182,268,JPEG,7b17422c81fa07caf8b48acb081b2039,f6baaa3f17bad8d3,The Secret Life of Pets (2016),Animation|Adventure|Comedy,"['Animation', 'Adventure', 'Comedy']"
271367,271367.jpg,../data/raw/271367.jpg,182,268,JPEG,25318ec6cfcd17b4ae8914091067addb,fa1767466635969b,Eight Legged Freaks (2002),Action|Comedy|Horror,"['Action', 'Comedy', 'Horror']"
271446,271446.jpg,../data/raw/271446.jpg,182,268,JPEG,7ef1797031d2bfc77f12e6a5752ed9d4,4307b1b71b86d79e,Legend of Crystania: The Motion Picture (1996),Animation|Action|Adventure,"['Animation', 'Action', 'Adventure']"
272341,272341.jpg,../data/raw/272341.jpg,182,268,JPEG,599cf7164c8882a2fe53df09e4001241,ed1d7d7d9f97d759,VeggieTales: Dave and the Giant Pickle (1996),Animation|Short|Comedy,"['Animation', 'Comedy']"
272790,272790.jpg,../data/raw/272790.jpg,182,268,JPEG,204a836e9eed42b527f75170bd3ae9d4,0f270b6f71796d3c,Princess of Thieves,Animation|Action|Adventure,"['Animation', 'Action', 'Adventure']"
273406,273406.jpg,../data/raw/273406.jpg,182,268,JPEG,9a324f059ebf8317be5494d4932af92d,69e1c4c5094f49b1,Aashiq (2001),Action|Drama|Romance,"['Action', 'Drama', 'Romance']"
27438,27438.jpg,../data/raw/27438.jpg,182,268,JPEG,87d19e16479401579ba6202d87296d12,0b13246667650b03,The Charge of the Light Brigade (1936),Action|Adventure|Romance,"['Action', 'Adventure', 'Romance']"
275039,275039.jpg,../data/raw/275039.jpg,182,268,JPEG,d390eaca2a3d517c2ae03d54c77fc875,a4f0d8ccccc480c6,Venomous (2001),Action|Drama|Horror,"['Action', 'Drama', 'Horror']"
275230,275230.jpg,../data/raw/275230.jpg,182,268,JPEG,1605859499a64edd962aedc6b2844716,2ee418f0f9482671,Blood: The Last Vampire (2000),Animation|Action|Horror,"['Animation', 'Action', 'Horror']"
275277,275277.jpg,../data/raw/275277.jpg,182,268,JPEG,e0be12dad18fc15eed9819b8042b8684,c8f8f6cfca8f8968,Cowboy Bebop: The Movie (2001),Animation|Action|Crime,"['Animation', 'Action']"
2753048,2753048.jpg,../data/raw/2753048.jpg,182,268,JPEG,8bec2c6d747c1f50aa4aae54c80d7821,c1cc69c9d0d0e33b,Kick-Heart (2013),Animation|Short|Action,"['Animation', 'Action']"
2762970,2762970.jpg,../data/raw/2762970.jpg,182,268,JPEG,1f947647709700368f7c70b333e7a20a,63d86be2cc098cae,Cloud 9 (2014),Action|Adventure|Drama,"['Action', 'Adventure', 'Drama']"
2771800,2771800.jpg,../data/raw/2771800.jpg,182,268,JPEG,499d02f8cc6d2f4f7cebc480eaa536e1,f0f0f8f06ce8d033,Rigor Mortis (2013),Action|Horror,"['Action', 'Horror']"
2783020,2783020.jpg,../data/raw/2783020.jpg,182,268,JPEG,4c6c75fe8e6509a28b2e0cc9d0d9bf78,531717595957d031,Jay and Silent Bob's Super Groovy Cartoon Movie (2013),Animation|Comedy,"['Animation', 'Comedy']"
278475,278475.jpg,../data/raw/278475.jpg,182,268,JPEG,5d694df4e1d01131ba686b700537de85,f670f090bcaef0f8,Haunted Castle (2001),Animation|Short|Horror,"['Animation', 'Horror']"
2788526,2788526.jpg,../data/raw/2788526.jpg,182,268,JPEG,e7a62e454d56123f232a10f2c63f04de,68e0c869d2d5e9e0,Transformers Prime Beast Hunters: Predacons Rising (2013),Animation|Action|Family,"['Animation', 'Action']"
278926,278926.jpg,../data/raw/278926.jpg,182,268,JPEG,42f2bec28823b29e38238f9a0bc86532,c60e3e70e0501020,Blue Submarine No. 6 (1998),Animation|Action|Sci-Fi,"['Animation', 'Action']"
279830,279830.jpg,../data/raw/279830.jpg,182,268,JPEG,e4dff4897b433a81eab3742e95c3883b,ae9271ca44e7cd39,Garfield in Disguise (1985),Animation|Short|Adventure,"['Animation', 'Adventure']"
280609,280609.jpg,../data/raw/280609.jpg,182,268,JPEG,08fb98f5bdc71fe990e3b0792451fa3c,b2f09614dce4a4d8,Dog Soldiers (2002),Action|Fantasy|Horror,"['Action', 'Horror']"
281634,281634.jpg,../data/raw/281634.jpg,182,268,JPEG,ce00639fbce3a90c9a68b28c8550dd0f,7927e69242048ee3,Balto: Wolf Quest (2002),Animation|Adventure|Family,"['Animation', 'Adventure']"
281913,281913.jpg,../data/raw/281913.jpg,182,268,JPEG,32c802a613389a170c5666212dac64e7,8c8ed6948c695596,Hogi Pyaar Ki Jeet (1999),Action|Drama|Romance,"['Action', 'Drama', 'Romance']"
2820466,2820466.jpg,../data/raw/2820466.jpg,182,268,JPEG,bfa408a7d380b8611f923b8b1ae454f9,490ba747395b9cb1,Justice League: The Flashpoint Paradox (2013),Animation|Action|Adventure,"['Animation', 'Action', 'Adventure']"
2832470,2832470.jpg,../data/raw/2832470.jpg,182,268,JPEG,086cf8fb183520edefa3ffdfe11b3303,c2c4ca1a3c0e2b3f,DÌüd snÌü 2 (2014),Action|Comedy|Horror,"['Action', 'Comedy', 'Horror']"
284137,284137.jpg,../data/raw/284137.jpg,182,268,JPEG,b46b7857d230ea7c36159bdfd1454913,4164963ab8992541,Gadar: Ek Prem Katha (2001),Action|Drama|Romance,"['Action', 'Drama', 'Romance']"
284445,284445.jpg,../data/raw/284445.jpg,182,268,JPEG,61c92430370451e27a2fd43ac4378ada,c8f8d4918aa6d8f0,Sabretooth (2002),Action|Adventure|Horror,"['Action', 'Adventure', 'Horror']"
284608,284608.jpg,../data/raw/284608.jpg,182,268,JPEG,a53c51b08341138255ac528688e46318,e58496cc6c348d3c,VeggieTales: King George and the Ducky (2000),Animation|Short|Comedy,"['Animation', 'Comedy']"
284611,284611.jpg,../data/raw/284611.jpg,182,268,JPEG,a40f9f4d7182e9aca7c48b38b8dd570c,2f33111d1dc90ac6,"VeggieTales: Lyle, the Kindly Viking (2001)",Animation|Short|Comedy,"['Animation', 'Comedy']"
284714,284714.jpg,../data/raw/284714.jpg,182,268,JPEG,8626104bffdecd78eeeb44c7631eb810,2759d96973975325,The Cat in the Hat (1971),Animation|Short|Family,['Animation']
284946,284946.jpg,../data/raw/284946.jpg,182,268,JPEG,592fef609e5ae31640efd479ffe63558,34b0d8cc2c6cb994,Casper's Haunted Christmas (2000),Animation|Comedy|Family,"['Animation', 'Comedy']"
285021,285021.jpg,../data/raw/285021.jpg,182,268,JPEG,6f98450db8a92299af3dbc2cc99db6e1,bec6d9f9e1e5a567,Disney Sing-Along-Songs: Under the Sea (1990),Short|Animation|Family,['Animation']
285627,285627.jpg,../data/raw/285627.jpg,182,268,JPEG,8ddc5824da652e5991c956494cd257e9,9609d091490e2b23,Daria in 'Is It College Yet?' (2002),Animation|Comedy|Romance,"['Animation', 'Comedy', 'Romance']"
286244,286244.jpg,../data/raw/286244.jpg,182,268,JPEG,e91cd9c929250ea6e8d1008467d178ad,acaaec3dc9e1e0f8,The Triplets of Belleville (2003),Animation|Comedy|Drama,"['Animation', 'Comedy', 'Drama']"
2865120,2865120.jpg,../data/raw/2865120.jpg,182,268,JPEG,7904a126e06c15d046f217792e6fd2da,0d31756913697106,Ratchet & Clank (2016),Animation|Action|Adventure,"['Animation', 'Action', 'Adventure']"
2872750,2872750.jpg,../data/raw/2872750.jpg,182,268,JPEG,8b5bf186eec52f528fa152bffe4c94c8,dece9ee5caf8d0e2,Shaun the Sheep Movie (2015),Animation|Adventure|Comedy,"['Animation', 'Adventure', 'Comedy']"
2885628,2885628.jpg,../data/raw/2885628.jpg,182,268,JPEG,e481dcb49ccb6f12c6d52de04a94537c,cccc2d19dcf58686,Nina Forever (2015),Comedy|Horror|Romance,"['Comedy', 'Horror', 'Romance']"
289408,289408.jpg,../data/raw/289408.jpg,182,268,JPEG,f383c5fa5afc42f5f36d1765026843bb,ccf0f090924e178f,The Powerpuff Girls Movie (2002),Animation|Action|Adventure,"['Animation', 'Action', 'Adventure']"
289845,289845.jpg,../data/raw/289845.jpg,182,268,JPEG,ad7eb8a899a8d792060363165c345b35,06445c588cc4e173,Aks (2001),Action|Crime|Horror,"['Action', 'Horror']"
290331,290331.jpg,../data/raw/290331.jpg,182,268,JPEG,9f0d2d6ca89fc789ea02f2495cb4b197,863b673393cecf55,Waqt Hamara Hai (1993),Action|Comedy|Romance,"['Action', 'Comedy', 'Romance']"
290747,290747.jpg,../data/raw/290747.jpg,182,268,JPEG,9e76b5d075f383f084ad5219d13ca5cb,9a8cd0707138d0cc,Man-Thing (2005),Action|Adventure|Horror,"['Action', 'Adventure', 'Horror']"
2908228,2908228.jpg,../data/raw/2908228.jpg,182,268,JPEG,46eca506ea668b09db4a5a4ee2db44c9,ce97392b834bd1b2,My Little Pony: Equestria Girls (2013),Animation|Comedy|Family,"['Animation', 'Comedy']"
291082,291082.jpg,../data/raw/291082.jpg,182,268,JPEG,66dd8954511d6c6f0dc003ee339248ff,71b2f2ca33e343e6,Cinderella II: Dreams Come True (2002),Animation|Family|Fantasy,['Animation']
291350,291350.jpg,../data/raw/291350.jpg,182,268,JPEG,6f1fcfb5867fed36f5b9bc71ec01c49e,2e4d454793e9b331,Millennium Actress (2001),Animation|Drama|Fantasy,"['Animation', 'Drama']"
2917388,2917388.jpg,../data/raw/2917388.jpg,182,268,JPEG,c3c16d21505729c3d346cddedc8ff268,dbcb67222e9a7366,Kidnapping Mr. Heineken (2015),Action|Crime|Drama,"['Action', 'Drama']"
293416,293416.jpg,../data/raw/293416.jpg,182,268,JPEG,38be21834aa70f4b899612271d261e24,b237f0f0e1c8b8f8,Metropolis (2001),Animation|Adventure|Drama,"['Animation', 'Adventure', 'Drama']"
294885,294885.jpg,../data/raw/294885.jpg,182,268,JPEG,4eb21ea93f23b22636b82e7b33bbf342,06404c4e0625b23b,Samurai X: Reflection,Animation|Drama|Romance,"['Animation', 'Drama', 'Romance']"
296696,296696.jpg,../data/raw/296696.jpg,182,268,JPEG,f577db011418b842fd4d9b135ad8f673,65e5f27bd82d3756,Jopog manura (2001),Action|Romance|Comedy,"['Action', 'Romance', 'Comedy']"
296874,296874.jpg,../data/raw/296874.jpg,182,268,JPEG,bd92c495484c078764de768e3168cbd6,cca1b65688c4e69c,Strange Invaders (2002),Animation|Short|Comedy,"['Animation', 'Comedy']"
297994,297994.jpg,../data/raw/297994.jpg,182,268,JPEG,aad44067215f01134022db3ef5dabf8c,dbc92d49230f3725,Jungle de Ikou!,Animation|Comedy|Fantasy,"['Animation', 'Comedy']"
2980706,2980706.jpg,../data/raw/2980706.jpg,182,268,JPEG,ac3f6e665e2eec7366c1a258e25275e1,bab696da8ebac4f0,Planes: Fire & Rescue (2014),Animation|Adventure|Comedy,"['Animation', 'Adventure', 'Comedy']"
2981768,2981768.jpg,../data/raw/2981768.jpg,182,268,JPEG,4b4c895827154b75027a893748f05d49,53d64d2375416c64,Sakasama no Patema (2013),Animation|Adventure|Drama,"['Animation', 'Adventure', 'Drama']"
29843,29843.jpg,../data/raw/29843.jpg,182,268,JPEG,b966c06ec223f320bcd920a4b3f06a2b,3c3c1d4c4f5151c7,The Adventures of Robin Hood (1938),Action|Adventure|Romance,"['Action', 'Adventure', 'Romance']"
2988490,2988490.jpg,../data/raw/2988490.jpg,182,268,JPEG,cecf327ecfbfdb8f53df51d7332fccf5,61191ecec6cac8f2,Road to your Heart (2014),Adventure|Romance,"['Adventure', 'Romance']"
2996684,2996684.jpg,../data/raw/2996684.jpg,182,268,JPEG,fb1e81b1380d350366d480cfd99252de,18e19590e85cb0e2,Animal (2014),Action|Adventure|Horror,"['Action', 'Adventure', 'Horror']"
3007132,3007132.jpg,../data/raw/3007132.jpg,182,268,JPEG,d96d4535deb00339b9e6ef1d4f4c0fbe,c0e0e8d8d8bab274,Daylight's End (2016),Action|Fantasy|Horror,"['Action', 'Horror']"
301082,301082.jpg,../data/raw/301082.jpg,182,268,JPEG,2c92d544f92d70b08c4e5ef07d3939c6,12f8ccf0f0b14dcc,Cardcaptor Sakura: The Movie (1999),Animation|Adventure|Family,"['Animation', 'Adventure']"
301083,301083.jpg,../data/raw/301083.jpg,182,268,JPEG,d445067d2f297c9f790e95b11d574e6f,b53737359dd9e561,Cardcaptor Sakura: The Sealed Card (2000),Animation|Adventure|Comedy,"['Animation', 'Adventure', 'Comedy']"
301258,301258.jpg,../data/raw/301258.jpg,182,268,JPEG,5217417a6d2e1d9f84767485febc795a,b365170ecd991933,The Enchanted World of Danny Kaye: The Emperor's New Clothes (1972),Animation|Comedy|Family,"['Animation', 'Comedy']"
301526,301526.jpg,../data/raw/301526.jpg,182,268,JPEG,8016dae16ce2ec92b5b13ff417aab032,18deaeb1dbd7cbb1,The Land Before Time VIII: The Big Freeze (2001),Animation|Adventure|Family,"['Animation', 'Adventure']"
302596,302596.jpg,../data/raw/302596.jpg,182,268,JPEG,eab2186cb76dec89d9238de00d337459,516933d889cd979b,A Garfield Christmas Special (1987),Animation|Short|Comedy,"['Animation', 'Comedy']"
303017,303017.jpg,../data/raw/303017.jpg,182,268,JPEG,1ef3893c09b1bbc842daea24e1f35308,16a6b6b0f0704954,Scorcher (2002),Action|Adventure|Drama,"['Action', 'Adventure', 'Drama']"
3036548,3036548.jpg,../data/raw/3036548.jpg,182,268,JPEG,6b969bd859d40cd54e66b9b9cd2b3240,c8f0e0e030926870,Reminiscence: The Beginning (2014),Horror|Romance|Thriller,"['Horror', 'Romance']"
303970,303970.jpg,../data/raw/303970.jpg,182,268,JPEG,0ac4887df2fcbaff43db0cc6b4b6c512,70c4dca66cc85961,The Era of Vampires (2003),Horror|Action,"['Horror', 'Action']"
3043542,3043542.jpg,../data/raw/3043542.jpg,182,268,JPEG,d1f564cc56678ec857a9ef95ff20721e,95b21a59ccdce0b0,Mr Hublot (2013),Animation|Short|Comedy,"['Animation', 'Comedy']"
304564,304564.jpg,../data/raw/304564.jpg,182,268,JPEG,7ca5f538d5e7a93178b5ff04ef8bfd8a,b0c0e0a4636d2c2c,PokÌ©mon: Mewtwo Returns (2000),Animation|Action|Adventure,"['Animation', 'Action', 'Adventure']"
304931,304931.jpg,../data/raw/304931.jpg,182,268,JPEG,61e8795e8d607d14162912c7ddac377a,d4e86bcd4b062c73,Werner - Gekotzt wird spÌ_ter! (2003),Animation|Comedy,"['Animation', 'Comedy']"
3055402,3055402.jpg,../data/raw/3055402.jpg,182,268,JPEG,bae57f97d2b227507f082f37347e27c5,4d61889673610fe1,SuperBob (2015),Action|Comedy|Romance,"['Action', 'Comedy', 'Romance']"
3058674,3058674.jpg,../data/raw/3058674.jpg,182,268,JPEG,4500e9e35ff5db41d12385b51635a464,196e5cd0f48167de,VANish (2015),Action|Crime|Horror,"['Action', 'Horror']"
308353,308353.jpg,../data/raw/308353.jpg,182,268,JPEG,eac257bdfa91edaaf20b3537e123353d,b2f8dcd6d6ccb59c,Happily N'Ever After (2006),Animation|Adventure|Comedy,"['Animation', 'Adventure', 'Comedy']"
3091272,3091272.jpg,../data/raw/3091272.jpg,182,268,JPEG,366558c027aacfefd40304d2ee3b46a1,fce6c6cdeacab170,The Fake (2013),Animation|Drama|Thriller,"['Animation', 'Drama']"
310024,310024.jpg,../data/raw/310024.jpg,182,268,JPEG,3540a57257d2f740e1933d985f94fbd1,1323060e0d193b2b,Project Viper (2002),Action|Horror|Sci-Fi,"['Action', 'Horror']"
3111728,3111728.jpg,../data/raw/3111728.jpg,182,268,JPEG,4a714ead095c0ec4d4ac68bdf09887d7,0f4fe7669f87f1ed,Alpha and Omega 2: A Howl-iday Adventure (2013),Animation|Action|Adventure,"['Animation', 'Action', 'Adventure']"
311361,311361.jpg,../data/raw/311361.jpg,182,268,JPEG,409561e65bba47e041f634c8c79e5014,e1dc646c39797968,Jesus Christ Vampire Hunter (2001),Action|Comedy|Horror,"['Action', 'Comedy', 'Horror']"
311913,311913.jpg,../data/raw/311913.jpg,182,268,JPEG,07b89abdaf5c37734f028e9758884b62,39b5b08c8c8c9c85,Tian xia wu shuang (2002),Comedy|Romance|Action,"['Comedy', 'Romance', 'Action']"
312004,312004.jpg,../data/raw/312004.jpg,182,268,JPEG,8a4054d8cc4993752cf629a9300773b0,da4aacace3e279e8,The Curse of the Were-Rabbit (2005),Animation|Comedy|Family,"['Animation', 'Comedy']"
3120408,3120408.jpg,../data/raw/3120408.jpg,182,268,JPEG,38f361579828b1c74eb8282f2c61c610,f13330696c1a0636,Tinker Bell and the Legend of the NeverBeast (2014),Animation|Adventure|Family,"['Animation', 'Adventure']"
312603,312603.jpg,../data/raw/312603.jpg,182,268,JPEG,f33d84e18514b9723d215c92fc2a7f5d,dec2b636b2664ef0,Deathlands (2003),Action|Horror|Sci-Fi,"['Action', 'Horror']"
312941,312941.jpg,../data/raw/312941.jpg,182,268,JPEG,5ec11fd1f10c34ff0985c24968f692b0,9998b4a5ab3a396c,Mak Dau goo si (2001),Animation|Comedy|Drama,"['Animation', 'Comedy', 'Drama']"
313487,313487.jpg,../data/raw/313487.jpg,182,268,JPEG,880877406a04edec878269dcab83776e,4c698ca6d0f07148,Pokí©mon 4Ever (2001),Animation|Action|Adventure,"['Animation', 'Action', 'Adventure']"
3139072,3139072.jpg,../data/raw/3139072.jpg,182,268,JPEG,ea7c118998775e677c014ad7b47f6854,c1d8be67cbdbdad4,Son of Batman (2014),Animation|Action|Adventure,"['Animation', 'Action', 'Adventure']"
314017,314017.jpg,../data/raw/314017.jpg,182,268,JPEG,033d89d8bf0fd8bd8e8707f73626c775,d4989d9cd5fb6336,Labyrinth of Flames (2000),Animation|Fantasy,['Animation']
314063,314063.jpg,../data/raw/314063.jpg,182,268,JPEG,3603b0e2b44da7a2e2bb64d2e9f78499,8e87cd4666e38a9e,Immortel (ad vitam) (2004),Animation|Action|Crime,"['Animation', 'Action']"
3148834,3148834.jpg,../data/raw/3148834.jpg,182,268,JPEG,d436da3b9fd255c30bed53780ee4c19d,1330f49cc4980a84,Thunder and the House of Magic (2013),Animation|Adventure|Comedy,"['Animation', 'Adventure', 'Comedy']"
3157224,3157224.jpg,../data/raw/3157224.jpg,182,268,JPEG,7ccaf0790679a9133339e97442975157,4a6a4ae9a993963b,We Still Kill the Old Way (2014),Action|Crime|Horror,"['Action', 'Horror']"
317219,317219.jpg,../data/raw/317219.jpg,182,268,JPEG,d2b4e4478196c8f909f6a5658bc3093c,ed0b51292d331797,Cars (2006),Animation|Adventure|Comedy,"['Animation', 'Adventure', 'Comedy']"
31762,31762.jpg,../data/raw/31762.jpg,182,268,JPEG,59a0749991104f271e56107cbf0a71da,53772d2474655953,Only Angels Have Wings (1939),Adventure|Drama|Romance,"['Adventure', 'Drama', 'Romance']"
317705,317705.jpg,../data/raw/317705.jpg,182,268,JPEG,e07fee595d5cf38e0ef3f8edfe6bb22d,f4c8f41c9ec62c20,The Incredibles (2004),Animation|Action|Adventure,"['Animation', 'Action', 'Adventure']"
3178174,3178174.jpg,../data/raw/3178174.jpg,182,268,JPEG,34e365cd26a96b6c95e46dad00ea6f0d,f0f0b0c8f87071f0,Jobanni no shima (2014),Animation|Drama|History,"['Animation', 'Drama']"
318081,318081.jpg,../data/raw/318081.jpg,182,268,JPEG,cbfeb5dfaa4b40d03401807ce72a3278,f0f0f9f97ac899d0,A Sound of Thunder (2005),Action|Adventure|Horror,"['Action', 'Adventure', 'Horror']"
318155,318155.jpg,../data/raw/318155.jpg,182,268,JPEG,9f9519b12c36846c2204b9f9322b4321,d00711ca83b169ad,Looney Tunes: Back in Action (2003),Animation|Action|Adventure,"['Animation', 'Action', 'Adventure']"
31835,31835.jpg,../data/raw/31835.jpg,182,268,JPEG,5338a150908a997ebe891442722ce3e0,0d4d214101212549,The Rains Came (1939),Adventure|Drama|Romance,"['Adventure', 'Drama', 'Romance']"
318403,318403.jpg,../data/raw/318403.jpg,182,268,JPEG,a30ac8ef5dd79bbdcd60ec652c9d237c,8e159098cea60303,The Lion King 1 1/2 (2004),Animation|Adventure|Comedy,"['Animation', 'Adventure', 'Comedy']"
3184096,3184096.jpg,../data/raw/3184096.jpg,182,268,JPEG,79e8ee1c56144adb0950459f00ecd863,6d57cc49595424e4,Attila (2013),Action|Horror|Thriller,"['Action', 'Horror']"
318627,318627.jpg,../data/raw/318627.jpg,182,268,JPEG,3132e28526f901d112c5941b38e51662,74e099d1d07879b2,Resident Evil: Apocalypse (2004),Action|Horror|Sci-Fi,"['Action', 'Horror']"
3218580,3218580.jpg,../data/raw/3218580.jpg,182,268,JPEG,d2662fa9b83031678bd5298cb5507aba,2f696931791c777b,AllÌ©luia (2014),Crime|Horror|Romance,"['Horror', 'Romance']"
3218680,3218680.jpg,../data/raw/3218680.jpg,182,268,JPEG,09a73f5dcb3a6910627d4e52757bee25,9e87abbf8fc9e97b,PokÌ©mon Origins,Animation|Action|Adventure,"['Animation', 'Action', 'Adventure']"
3221698,3221698.jpg,../data/raw/3221698.jpg,182,268,JPEG,96752bfe3d5b60def1692fbe24e18a0f,f0d4948a06a45733,Iron Man & Hulk: Heroes United (2013),Animation|Action|Adventure,"['Animation', 'Action', 'Adventure']"
323250,323250.jpg,../data/raw/323250.jpg,182,268,JPEG,2aeef333e9308de6f68bd4c4b92ac4ea,f0d4f0f0f06ec79b,Mike's New Car (2002),Animation|Short|Comedy,"['Animation', 'Comedy']"
32356,32356.jpg,../data/raw/32356.jpg,182,268,JPEG,8b3912672f54385493fe7f5ef818db42,5357652b1d6b43cd,Blackout (1940),Adventure|Romance,"['Adventure', 'Romance']"
325725,325725.jpg,../data/raw/325725.jpg,182,268,JPEG,166e2a776bd8ae95d32e80888815cb93,7cff3361437c5495,Legend of the Candy Cane (2001),Animation|Comedy|Drama,"['Animation', 'Comedy', 'Drama']"
326576,326576.jpg,../data/raw/326576.jpg,182,268,JPEG,d8266e9f92263759dce6b335d6a8ae44,b212339ccada9aee,Humraaz (2002),Action|Musical|Romance,"['Action', 'Romance']"
326600,326600.jpg,../data/raw/326600.jpg,182,268,JPEG,27c9bd23e32cd8bc73e4f83856107964,9bd8d9773b595479,Maine Dil Tujhko Diya (2002),Action|Romance,"['Action', 'Romance']"
327084,327084.jpg,../data/raw/327084.jpg,182,268,JPEG,ee6b2a2912d86fb50ab72121de2e0c45,1307c36a2a7ef4f2,Over the Hedge (2006),Animation|Adventure|Comedy,"['Animation', 'Adventure', 'Comedy']"
32762,32762.jpg,../data/raw/32762.jpg,182,268,JPEG,0d7551c97bd4d24ca0455aefc14e7c73,73490c9e3a454968,The Mark of Zorro (1940),Action|Adventure|Romance,"['Action', 'Adventure', 'Romance']"
328077,328077.jpg,../data/raw/328077.jpg,182,268,JPEG,e949ea8eb1588d8435ac6722e7d4eae3,de527373d3c3e0f0,Love Object (2003),Drama|Horror|Romance,"['Drama', 'Horror', 'Romance']"
328832,328832.jpg,../data/raw/328832.jpg,182,268,JPEG,c491b7416ce83880158fea8b6dd28a0e,aee8f4f8f0e260e8,The Animatrix (2003),Animation|Action|Adventure,"['Animation', 'Action', 'Adventure']"
32910,32910.jpg,../data/raw/32910.jpg,182,268,JPEG,dd4f02c99eba7b5b199bb4186cf1736f,cf8f8be2ba7d2561,Pinocchio (1940),Animation|Comedy|Family,"['Animation', 'Comedy']"
329101,329101.jpg,../data/raw/329101.jpg,182,268,JPEG,59f72bda6369d75295fdafa687132b11,ec4cd29270e0c49e,Freddy vs. Jason (2003),Action|Horror|Thriller,"['Action', 'Horror']"
3306776,3306776.jpg,../data/raw/3306776.jpg,182,268,JPEG,dc7cb632d672a56b7879b90a3eb82499,6960e4195aca5469,Bayonetta: Bloody Fate (2013),Animation|Action|Fantasy,"['Animation', 'Action']"
3307726,3307726.jpg,../data/raw/3307726.jpg,182,268,JPEG,87c8b4ee8416e3748e4bd206abe3ee81,f2cca0e8cc8694b0,Bermuda Tentacles (2014),Action|Horror|Sci-Fi,"['Action', 'Horror']"
330795,330795.jpg,../data/raw/330795.jpg,182,268,JPEG,a1646b5552ab337ef1822a4829939d26,e8b3f7c991360f12,Python 2 (2002),Action|Horror|Sci-Fi,"['Action', 'Horror']"
330801,330801.jpg,../data/raw/330801.jpg,182,268,JPEG,a3c2eaa87c286e94922445c2c75b2049,f2b4e4632c3c189a,Das Rad (2003),Animation|Short|Comedy,"['Animation', 'Comedy']"
331218,331218.jpg,../data/raw/331218.jpg,182,268,JPEG,4fad2c4aa9d85820d98859b4fb27c3d0,a6ebd096c62c274d,The Chubbchubbs! (2002),Animation|Short|Comedy,"['Animation', 'Comedy']"
331508,331508.jpg,../data/raw/331508.jpg,182,268,JPEG,321814bb6de2d50fa931397a6624745e,c826599935a68456,Gundress (1999),Animation|Action|Sci-Fi,"['Animation', 'Action']"
331834,331834.jpg,../data/raw/331834.jpg,182,268,JPEG,c4848d4fd1d4f9599e6f3ad805b6c680,8301e9d27361c9ec,Alive (2002),Action|Drama|Horror,"['Action', 'Drama', 'Horror']"
3320232,3320232.jpg,../data/raw/3320232.jpg,182,268,JPEG,11ca91600f275511f85f5b57f601ef8f,08c98b0e0c0e3760,Yasmine (2014),Action|Drama,"['Action', 'Drama']"
3331846,3331846.jpg,../data/raw/3331846.jpg,182,268,JPEG,a753ceee38c43928a0653dc50ebc53c8,2f4d0f3317960f8e,Stand by Me Doraemon (2014),Animation|Comedy|Drama,"['Animation', 'Comedy', 'Drama']"
33369,33369.jpg,../data/raw/33369.jpg,182,268,JPEG,37e51c73f7757ee807a4719b867ac1df,4d5d691d691d1d25,Bad Men of Missouri (1941),Action|History|Romance,"['Action', 'Romance']"
3339674,3339674.jpg,../data/raw/3339674.jpg,182,268,JPEG,a6d0a0dbc3588905ea04b42f5cd01df1,96906273327cccf0,Burying the Ex (2014),Comedy|Horror|Romance,"['Comedy', 'Horror', 'Romance']"
334541,334541.jpg,../data/raw/334541.jpg,182,268,JPEG,17d0e72a62c8eb723df6a0668f29a057,e8c4cec8eca9b15c,Tremors 4: The Legend Begins (2004),Action|Comedy|Horror,"['Action', 'Comedy', 'Horror']"
33563,33563.jpg,../data/raw/33563.jpg,182,268,JPEG,27f1dd721ef12871bfd70587f38fdeb6,498d4dcb39656131,Dumbo (1941),Animation|Drama|Family,"['Animation', 'Drama']"
3367686,3367686.jpg,../data/raw/3367686.jpg,182,268,JPEG,0ad6d4a9c051ab28c3e10300769c5dbf,e2cc8db5788e0701,Awaken (2015),Action|Horror|Mystery,"['Action', 'Horror']"
337692,337692.jpg,../data/raw/337692.jpg,182,268,JPEG,32be7e6e6dc69b836333ff38d2b503bd,f2cae1a1b4fccad0,On the Road (2012),Adventure|Drama|Romance,"['Adventure', 'Drama', 'Romance']"
3395184,3395184.jpg,../data/raw/3395184.jpg,182,268,JPEG,81763d826d5b9e7b85da5f2198261285,e0c01128cc28e8e8,Spring (2014),Horror|Romance|Sci-Fi,"['Horror', 'Romance']"
339785,339785.jpg,../data/raw/339785.jpg,182,268,JPEG,14e1f104cc9e27f7ddb6bc7f1c3358c2,e88ede4c355d391b,Thoughtcrimes (2003),Action|Crime|Drama,"['Action', 'Drama']"
3397948,3397948.jpg,../data/raw/3397948.jpg,182,268,JPEG,ea3ae484f82e6b9400de59eb12145a5f,b286e4f0e08cdad8,Zombie Ninjas vs Black Ops (2015),Action|Horror,"['Action', 'Horror']"
3398268,3398268.jpg,../data/raw/3398268.jpg,182,268,JPEG,a60795ca0f7b9ad57cc0ebaf6f697221,67138def2424678c,Omoide no MÌ¢nÌ¨ (2014),Animation|Drama|Family,"['Animation', 'Drama']"
339840,339840.jpg,../data/raw/339840.jpg,182,268,JPEG,d297e3dca794aed543163b281abbf69b,80c061208084bc8a,Undead (2003),Action|Comedy|Horror,"['Action', 'Comedy', 'Horror']"
341384,341384.jpg,../data/raw/341384.jpg,182,268,JPEG,8d343b5c21cb905cf47e295ba26be278,a9272d3292567676,Hae anseon (2002),Action|Drama|War,"['Action', 'Drama']"
3416828,3416828.jpg,../data/raw/3416828.jpg,182,268,JPEG,e2c738ab0cc883be6e969346784245bc,e4d48c2ce74dceca,Ice Age: Collision Course (2016),Animation|Adventure|Comedy,"['Animation', 'Adventure', 'Comedy']"
342965,342965.jpg,../data/raw/342965.jpg,182,268,JPEG,dbf30c851bf2cde0e9e75c0bf1d7722f,e4ec09290984f899,Gone Nutty (2002),Animation|Short|Adventure,"['Animation', 'Adventure']"
3439114,3439114.jpg,../data/raw/3439114.jpg,182,268,JPEG,5a7256075fb559142904044d8c723a84,6363cac9756491f0,Disaster L.A. (2014),Action|Horror|Sci-Fi,"['Action', 'Horror']"
3442990,3442990.jpg,../data/raw/3442990.jpg,182,268,JPEG,50124faddc42f44cd4909fd8af4409b9,954c48d2c8b4f08c,Lila & Eve (2015),Action|Crime|Drama,"['Action', 'Drama']"
3448526,3448526.jpg,../data/raw/3448526.jpg,182,268,JPEG,bcd5d156dd754589dd2001880cd3f3d2,cc8e684d4dcc3421,Prospect (2014),Short|Action|Drama,"['Action', 'Drama']"
344854,344854.jpg,../data/raw/344854.jpg,182,268,JPEG,fc2e706882abf442deb476af4902965f,f2dae4e4f0b8d8b4,Arthur and the Invisibles (2006),Animation|Adventure|Family,"['Animation', 'Adventure']"
34492,34492.jpg,../data/raw/34492.jpg,182,268,JPEG,67d626155f444441ab811adf52fec7fe,9c9d232b3f0c4545,Bambi (1942),Animation|Drama|Family,"['Animation', 'Drama']"
3449302,3449302.jpg,../data/raw/3449302.jpg,182,268,JPEG,774bba95da48f182ea441609c9266003,d8d1a6e4dc8ac746,The Dead the Damned and the Darkness (2014),Action|Horror|Thriller,"['Action', 'Horror']"
345543,345543.jpg,../data/raw/345543.jpg,182,268,JPEG,e0aca1cf5beb985a2de637b337aa9446,e94029b1b7cacc6d,The Land Before Time IX: Journey to the Big Water (2002),Animation|Adventure|Family,"['Animation', 'Adventure']"
346578,346578.jpg,../data/raw/346578.jpg,182,268,JPEG,c13cfc4c2607e0a2cf8d6e6eeec6907e,9cf87036193a6cc8,Batman: Mystery of the Batwoman (2003),Animation|Action|Crime,"['Animation', 'Action']"
3468260,3468260.jpg,../data/raw/3468260.jpg,182,268,JPEG,d1d0000c47f8bd060c5739d2d8cf5051,155931285c647494,JLA Adventures: Trapped in Time (2014),Animation|Action|Sci-Fi,"['Animation', 'Action']"
3469284,3469284.jpg,../data/raw/3469284.jpg,182,268,JPEG,46b34866a1645e7a78c769bc8f6ed373,a68c8c982c8cb4e0,Jurassic Prey (2015),Action|Horror|Sci-Fi,"['Action', 'Horror']"
346932,346932.jpg,../data/raw/346932.jpg,182,268,JPEG,91f32aaefc248da8edae9c378aaa351e,0d1e0f8d36163769,Eloise at the Plaza,Animation|Action|Adventure,"['Animation', 'Action', 'Adventure']"
347149,347149.jpg,../data/raw/347149.jpg,182,268,JPEG,a13e8cf8f7cf4862f153029fefe10b99,e871d420a2c2d8f8,Howl's Moving Castle (2004),Animation|Adventure|Family,"['Animation', 'Adventure']"
347246,347246.jpg,../data/raw/347246.jpg,182,268,JPEG,bc5e341478becdac4f824f4c39883e42,1b1db72b4b4b0f47,Ghost in the Shell 2: Innocence (2004),Animation|Drama|Sci-Fi,"['Animation', 'Drama']"
347618,347618.jpg,../data/raw/347618.jpg,182,268,JPEG,4de646668513b53cb9d90f9cecddd2e7,cc4cccccccc8e0e0,Neko no ongaeshi (2002),Animation|Adventure|Comedy,"['Animation', 'Adventure', 'Comedy']"
348121,348121.jpg,../data/raw/348121.jpg,182,268,JPEG,96ad5c8e457fef814f13ba8ce8a6ad76,aa92d6b45d535d13,Suchí¬mubíÇi (2004),Animation|Action|Adventure,"['Animation', 'Action', 'Adventure']"
348124,348124.jpg,../data/raw/348124.jpg,182,268,JPEG,c6f5be90ca1960103c9c9d6a4120eea6,61a9d01f3b593b23,Stitch! The Movie (2003),Animation|Comedy|Family,"['Animation', 'Comedy']"
3482378,3482378.jpg,../data/raw/3482378.jpg,182,268,JPEG,45d6c83702522dbccf9696376cf88ed5,f2f0eeca89657be9,Avengers Confidential: Black Widow & Punisher (2014),Animation|Action|Adventure,"['Animation', 'Action', 'Adventure']"
348656,348656.jpg,../data/raw/348656.jpg,182,268,JPEG,516fca928c2d8bd6fb7c25adf9d0e8d6,25ef599121630363,Khushi (2003),Action|Drama|Romance,"['Action', 'Drama', 'Romance']"
34870,34870.jpg,../data/raw/34870.jpg,182,268,JPEG,308916b7ca81d9c208d607c71822dd48,234bcc8ca93b3b0f,Horton Hatches the Egg (1942),Family|Animation|Short,['Animation']
3491962,3491962.jpg,../data/raw/3491962.jpg,182,268,JPEG,fafdec78c81efdb38bbc4583b2fc4284,9e1727172d717335,Outlaws and Angels (2016),Action|Adventure|Drama,"['Action', 'Adventure', 'Drama']"
3495026,3495026.jpg,../data/raw/3495026.jpg,182,268,JPEG,2d664efb8eb578e519c55db713285f0d,3d3cb496c7f3fba3,Fan (2016),Action|Drama|Thriller,"['Action', 'Drama']"
351283,351283.jpg,../data/raw/351283.jpg,182,268,JPEG,83bb58cbce44a8f13431259cd2f3f361,94caf1d4b6eee4dc,Madagascar (2005),Animation|Adventure|Comedy,"['Animation', 'Adventure', 'Comedy']"
351887,351887.jpg,../data/raw/351887.jpg,182,268,JPEG,2af1c06006cec46878ade9b1408c3c2b,92d0f0f29693eb3a,Vampire Effect (2003),Action|Comedy|Horror,"['Action', 'Comedy', 'Horror']"
353014,353014.jpg,../data/raw/353014.jpg,182,268,JPEG,3f7ffc2f7de4830fe946ea6994759e97,5a6ae82c84d6eaca,Sky Blue (2003),Action|Fantasy|Animation,"['Action', 'Animation']"
353393,353393.jpg,../data/raw/353393.jpg,182,268,JPEG,4d896439026f348c8241a910d50f0efd,c9c49acece929a3e,Eloise at Christmastime,Animation|Action|Adventure,"['Animation', 'Action', 'Adventure']"
354690,354690.jpg,../data/raw/354690.jpg,182,268,JPEG,ae7413a5eed5ff126401173cd061369a,c391fc8cd4d8a4e8,Lady Death (2004),Animation|Action|Fantasy,"['Animation', 'Action']"
3551400,3551400.jpg,../data/raw/3551400.jpg,182,268,JPEG,b27282ab90de5a37a49bde9d81928577,82828282f2b28280,Unnatural (2015),Action|Horror|Thriller,"['Action', 'Horror']"
355315,355315.jpg,../data/raw/355315.jpg,182,268,JPEG,c706aabc14e4233e007521410285894d,f29c9569e1c3c906,Charlotte's Web 2: Wilbur's Great Adventure (2003),Animation|Adventure|Family,"['Animation', 'Adventure']"
356201,356201.jpg,../data/raw/356201.jpg,182,268,JPEG,478c54a838abf24a08d9d6006b02cd2b,b2a40b4b4687e88a,"Wood & Stock: Sexo, OrÌ©gano e Rock'n'Roll (2006)",Animation|Comedy,"['Animation', 'Comedy']"
3570168,3570168.jpg,../data/raw/3570168.jpg,182,268,JPEG,eaed19d041ff4d268f4f4b4655c54714,d6cccd53c9c8ccf0,Dyke Hard (2014),Action|Comedy|Horror,"['Action', 'Comedy', 'Horror']"
358082,358082.jpg,../data/raw/358082.jpg,182,268,JPEG,597d6668c41804586b500e618723de9b,93027a5848276eea,Robots (2005),Animation|Adventure|Comedy,"['Animation', 'Adventure', 'Comedy']"
35836,35836.jpg,../data/raw/35836.jpg,182,268,JPEG,a308490e312336b060455c41cd6dcc8c,9f7996964dcda629,Education for Death: The Making of the Nazi (1943),Animation|Short|Comedy,"['Animation', 'Comedy']"
359013,359013.jpg,../data/raw/359013.jpg,182,268,JPEG,e0f5c6105dc52dc668069dd2783ae1eb,1f164dcccab2e4b2,Blade: Trinity (2004),Action|Adventure|Horror,"['Action', 'Adventure', 'Horror']"
359564,359564.jpg,../data/raw/359564.jpg,182,268,JPEG,85d8f97b4a7bf1db89a53383f778eb3b,1474fdb37a38180c,Kohtalon kirja (2003),Action|Horror|Sci-Fi,"['Action', 'Horror']"
3600760,3600760.jpg,../data/raw/3600760.jpg,182,268,JPEG,06ea2f895683fccbddbd8acc7d55aaf0,32bdcbe2b35c942d,Alpha and Omega 3: The Great Wolf Games (2014),Animation|Adventure|Comedy,"['Animation', 'Adventure', 'Comedy']"
3602128,3602128.jpg,../data/raw/3602128.jpg,182,268,JPEG,2d9ffd82d237f2ff1f7dff1c32e4b8fc,c8e4c4b8c8cc9a91,Night of the Living Deb (2015),Comedy|Horror|Romance,"['Comedy', 'Horror', 'Romance']"
360717,360717.jpg,../data/raw/360717.jpg,182,268,JPEG,e7a41c1f9a4d1b844ba30335bf1e4cd9,480c060b3b5afaf0,King Kong (2005),Action|Adventure|Drama,"['Action', 'Adventure', 'Drama']"
361089,361089.jpg,../data/raw/361089.jpg,182,268,JPEG,ef31b9059786d9173ee176e9135cb2cc,25336b5b1f0d330f,Valiant (2005),Animation|Adventure|Comedy,"['Animation', 'Adventure', 'Comedy']"
361500,361500.jpg,../data/raw/361500.jpg,182,268,JPEG,47d5fb27cca2ec96b5e25e4fafe4a122,b2e6ccea623333f0,Delgo (2008),Animation|Adventure|Comedy,"['Animation', 'Adventure', 'Comedy']"
3621968,3621968.jpg,../data/raw/3621968.jpg,182,268,JPEG,1b1e842ed89c04479b2f17984919c809,35250f9bb319194b,Animation Runner Kuromi 2 (2004),Animation|Comedy|Drama,"['Animation', 'Comedy', 'Drama']"
362417,362417.jpg,../data/raw/362417.jpg,182,268,JPEG,88f310cab4204260804521714ac56ec7,7171e894a592582c,Aragami (2003),Action|Fantasy|Horror,"['Action', 'Horror']"
363277,363277.jpg,../data/raw/363277.jpg,182,268,JPEG,234734a54a40ac33a4869ed2fccc1b91,e6e6b2f3f3639358,Malice@Doll (2004),Animation|Horror|Sci-Fi,"['Animation', 'Horror']"
363547,363547.jpg,../data/raw/363547.jpg,182,268,JPEG,b6fc579198ebdc33d0e0d7ce62728b01,f0b2d29086a6a20d,Dawn of the Dead (2004),Action|Horror|Thriller,"['Action', 'Horror']"
3638012,3638012.jpg,../data/raw/3638012.jpg,182,268,JPEG,8771c98de2d9a4669a82b1845f5db048,be9f4367dc5ce6c9,Appleseed Alpha (2014),Animation|Action|Sci-Fi,"['Animation', 'Action']"
363828,363828.jpg,../data/raw/363828.jpg,182,268,JPEG,bbc44b017a96aa4ecaf4adde8795e8cf,8e9a60c7b31fcccc,Mortal Kombat: The Journey Begins (1995),Animation|Action|Adventure,"['Animation', 'Action', 'Adventure']"
364621,364621.jpg,../data/raw/364621.jpg,182,268,JPEG,9807920ff650171e94fcd39a92c2fddc,5e9f5d1e8eb89e3f,Qayamat: City Under Threat (2003),Action|Romance|Thriller,"['Action', 'Romance']"
365089,365089.jpg,../data/raw/365089.jpg,182,268,JPEG,0ee7bf1ddc08d191c0563626bebd5428,7036060c164b1c38,Sivi kamion crvene boje (2004),Adventure|Comedy|Romance,"['Adventure', 'Comedy', 'Romance']"
365686,365686.jpg,../data/raw/365686.jpg,182,268,JPEG,d1bc5d5a12d177d9dfb8a518f7b57584,d2e0e4b2b2342492,Revolver (2005),Action|Crime|Drama,"['Action', 'Drama']"
365965,365965.jpg,../data/raw/365965.jpg,182,268,JPEG,74608f83ef72bc561af2ad1578e8c2c6,f168fd9cecd4f2bb,Zone of the Enders: Idolo (2001),Animation|Drama|Romance,"['Animation', 'Drama', 'Romance']"
366548,366548.jpg,../data/raw/366548.jpg,182,268,JPEG,79fe34d5753bb3fe45165c3eb17788ca,f88e96d5cd5c834d,Happy Feet (2006),Animation|Comedy|Family,"['Animation', 'Comedy']"
366621,366621.jpg,../data/raw/366621.jpg,182,268,JPEG,af179bd4e7a9fa4ff7c7c26afb165df6,9cecd87661640c8c,InuYasha the Movie 2: The Castle Beyond the Looking Glass (2002),Action|Animation|Comedy,"['Action', 'Animation', 'Comedy']"
367093,367093.jpg,../data/raw/367093.jpg,182,268,JPEG,369790197a332a9f2f268d015c26173c,f4b490f4e0f0e8d8,Starship Troopers 2: Hero of the Federation (2004),Action|Adventure|Horror,"['Action', 'Adventure', 'Horror']"
3675748,3675748.jpg,../data/raw/3675748.jpg,182,268,JPEG,abec367f49a5616b4fed2e485693eef3,d63d3c4cccc4d5f1,Yakuza Apocalypse (2015),Action|Comedy|Horror,"['Action', 'Comedy', 'Horror']"
367631,367631.jpg,../data/raw/367631.jpg,182,268,JPEG,88f1bddc6e31a83ba85747d06ea1f760,89273738852b5a5b,D.E.B.S. (2004),Action|Comedy|Romance,"['Action', 'Comedy', 'Romance']"
3682556,3682556.jpg,../data/raw/3682556.jpg,182,268,JPEG,6a7f6065f26e4c4c9387ba9970cbc316,b4b5f5fa6826b1d9,The Present (2014),Animation|Short|Comedy,"['Animation', 'Comedy']"
368520,368520.jpg,../data/raw/368520.jpg,182,268,JPEG,ed3dc838df238005d8211e12b4a297d3,61c7b86e69a3331d,Love Hina Again,Animation|Short|Comedy,"['Animation', 'Comedy']"
368667,368667.jpg,../data/raw/368667.jpg,182,268,JPEG,51bf45f531f87ab361295fc5900e7842,d4f1d4b4e8eeb268,Interstella 5555: The 5tory of the 5ecret 5tar 5ystem (2003),Animation|Action|Adventure,"['Animation', 'Action', 'Adventure']"
3689910,3689910.jpg,../data/raw/3689910.jpg,182,268,JPEG,e365249006f2e9276f16320a0592b142,36698fa3c7f9f9d6,Miss Hokusai (2015),Animation|Biography|Drama,"['Animation', 'Drama']"
369281,369281.jpg,../data/raw/369281.jpg,182,268,JPEG,eeccfe2bd1f1a6a49069d47a2da7d873,2bf4948c1ac8e8d8,Bionicle: Mask of Light (2003),Animation|Action|Adventure,"['Animation', 'Action', 'Adventure']"
370032,370032.jpg,../data/raw/370032.jpg,182,268,JPEG,be8fe9a08b1bfcd28c2accb8f36ab71c,0c60c1c0cc20e0f0,Ultraviolet (2006),Action|Horror|Sci-Fi,"['Action', 'Horror']"
370263,370263.jpg,../data/raw/370263.jpg,182,268,JPEG,2578fd4dd061ae8698b367791beb9646,8c0defb23a3dd99f,AVP: Alien vs. Predator (2004),Action|Horror|Sci-Fi,"['Action', 'Horror']"
371501,371501.jpg,../data/raw/371501.jpg,182,268,JPEG,d31fd1de3c1d44db592a0a0344b1c142,b27ca46ebd85a5b3,.hack//Liminality Vol. 1: In the Case of Mai Minase (2002),Animation|Short|Drama,"['Animation', 'Drama']"
371552,371552.jpg,../data/raw/371552.jpg,182,268,JPEG,8d71b5f3a7dde6d21eb2637b71f136e4,d628e1c37260fc81,AstÌ©rix et les Vikings (2006),Animation|Adventure|Comedy,"['Animation', 'Adventure', 'Comedy']"
3717532,3717532.jpg,../data/raw/3717532.jpg,182,268,JPEG,e824d1596183384f312294577c711beb,a8583250d024d8f0,The Last: Naruto the Movie (2014),Animation|Action|Adventure,"['Animation', 'Action', 'Adventure']"
371823,371823.jpg,../data/raw/371823.jpg,182,268,JPEG,ff456e142ba2e1bbb9a9a1d815d98004,0e173392da8b8e8c,"Mickey, Donald, Goofy: The Three Musketeers (2004)",Animation|Adventure|Comedy,"['Animation', 'Adventure', 'Comedy']"
371954,371954.jpg,../data/raw/371954.jpg,182,268,JPEG,a6d9ef445880d83110eb95d4f1f26606,67931460e09287e5,Snakehead Terror (2004),Action|Horror|Sci-Fi,"['Action', 'Horror']"
372238,372238.jpg,../data/raw/372238.jpg,182,268,JPEG,714fa4f3e16cf5f1d47123e3b43d2cb5,b0b0399de5a08919,Dinotopia: Quest for the Ruby Sunstone (2005),Animation|Adventure|Comedy,"['Animation', 'Adventure', 'Comedy']"
372366,372366.jpg,../data/raw/372366.jpg,182,268,JPEG,75c5704e2b296d2dce02df7a387102e8,4dfb3ff8c04ac105,Koktebel (2003),Adventure|Drama|Romance,"['Adventure', 'Drama', 'Romance']"
3723996,3723996.jpg,../data/raw/3723996.jpg,182,268,JPEG,80a97b7d06e93e26d8eeaf6191cbc2c4,d0eaec968ed054d4,Johnny Express (2014),Animation|Short|Comedy,"['Animation', 'Comedy']"
372832,372832.jpg,../data/raw/372832.jpg,182,268,JPEG,d5f52b69ec21c0cf7ad5302fba30e06b,a70eb2f195c4949c,Skeleton Man (2004),Action|Horror|Thriller,"['Action', 'Horror']"
374324,374324.jpg,../data/raw/374324.jpg,182,268,JPEG,cdeaf6cdd78051454a29e05338b969e3,21ddd384d8d2d786,Nature Unleashed: Volcano (2005),Action|Drama|Horror,"['Action', 'Drama', 'Horror']"
375568,375568.jpg,../data/raw/375568.jpg,182,268,JPEG,29838158853c01d8afa0cc099138a6df,4c7678e9d49460f0,Astro Boy (2009),Animation|Action|Comedy,"['Animation', 'Action', 'Comedy']"
3759416,3759416.jpg,../data/raw/3759416.jpg,182,268,JPEG,2c6a60c52814a76f6d038bee45b64f26,0ccf6b685585853a,AstÌ©rix: Le domaine des dieux (2014),Animation|Adventure|Comedy,"['Animation', 'Adventure', 'Comedy']"
3763866,3763866.jpg,../data/raw/3763866.jpg,182,268,JPEG,683b216b93310500bed35594d9551358,d9e3868b87d4f833,Zoom (2015),Animation|Comedy|Drama,"['Animation', 'Comedy', 'Drama']"
377008,377008.jpg,../data/raw/377008.jpg,182,268,JPEG,a6fb4b0c8767cfec1e7cbac024e2e6af,d249c86a63b7d0cb,You're Under Arrest: The Movie (1999),Animation|Action|Comedy,"['Animation', 'Action', 'Comedy']"
3774802,3774802.jpg,../data/raw/3774802.jpg,182,268,JPEG,fbe5f18a498d27ca7186ec2363af27da,f3e8e2c8cf0bcdcf,Pandemic (2016),Action|Horror|Sci-Fi,"['Action', 'Horror']"
377981,377981.jpg,../data/raw/377981.jpg,182,268,JPEG,4578e9630948cbd4ae09e7674df66526,daf3ae1d4dccc9fa,Gnomeo & Juliet (2011),Animation|Comedy|Family,"['Animation', 'Comedy']"
3781476,3781476.jpg,../data/raw/3781476.jpg,182,268,JPEG,1fad98bba46aa9bf00b8eb8c0b7f9fe8,2c283109ccc4e2ac,Zhuo yao ji (2015),Animation|Action|Adventure,"['Animation', 'Action', 'Adventure']"
378230,378230.jpg,../data/raw/378230.jpg,182,268,JPEG,1ed63081a7bae92199979d4977f71143,f041051434241444,The Land Before Time X: The Great Longneck Migration (2003),Animation|Adventure|Family,"['Animation', 'Adventure']"
378730,378730.jpg,../data/raw/378730.jpg,182,268,JPEG,ca915c0828b7ee7d8f674321500ea2c0,c2cbcb082d1b1e88,Yukikaze,Animation|Action|Adventure,"['Animation', 'Action', 'Adventure']"
378773,378773.jpg,../data/raw/378773.jpg,182,268,JPEG,e59f45759d99853ccf6a4264e953b898,a6e466cae8a4f461,Siu nin a Fu (2003),Action|Drama|Romance,"['Action', 'Drama', 'Romance']"
379000,379000.jpg,../data/raw/379000.jpg,182,268,JPEG,e1f2c46a408bdbc4b7b470333f3dd8b3,b6bcf5696373ceea,Ward 13 (2003),Animation|Short|Horror,"['Animation', 'Horror']"
37929,37929.jpg,../data/raw/37929.jpg,182,268,JPEG,4ca36bb43da2be99048600365f9624b4,20a08f8300c0c000,Mouse in Manhattan (1945),Family|Animation|Comedy,"['Animation', 'Comedy']"
38108,38108.jpg,../data/raw/38108.jpg,182,268,JPEG,20fedb650eb6fcef02e6c9918625273d,4f4359ddd8675958,The Spanish Main (1945),Adventure|Drama|Romance,"['Adventure', 'Drama', 'Romance']"
381348,381348.jpg,../data/raw/381348.jpg,182,268,JPEG,9528cf5ab1436f1ae5dd2e8e1ac0e42a,bae70d8b858d6c62,"Kumo no mukíÇ, yakusoku no basho (2004)",Animation|Drama|Romance,"['Animation', 'Drama', 'Romance']"
3816458,3816458.jpg,../data/raw/3816458.jpg,182,268,JPEG,aab3269034c27b55294e0705d88c5537,80a4378e8d8da4d9,Dead Rising: Watchtower (2015),Action|Horror,"['Action', 'Horror']"
381971,381971.jpg,../data/raw/381971.jpg,182,268,JPEG,b0ee6090d8a02f504cb9310cc797bafc,932b521f8e8e134f,Curious George (2006),Animation|Adventure|Comedy,"['Animation', 'Adventure', 'Comedy']"
382602,382602.jpg,../data/raw/382602.jpg,182,268,JPEG,0dfff40548323e84e858af9c11d59280,6347454f65918e44,Charlie Brown's Christmas Tales (2002),Animation|Comedy|Family,"['Animation', 'Comedy']"
382734,382734.jpg,../data/raw/382734.jpg,182,268,JPEG,0ebc3baa5124be0f872c3e0b4c1825b2,c27463637a399c98,Harvie Krumpet (2003),Animation|Comedy|Short,"['Animation', 'Comedy']"
382932,382932.jpg,../data/raw/382932.jpg,182,268,JPEG,a772f57c40e9ae50b8b08e4424da9480,f030ec2c4fe0a64d,Ratatouille (2007),Animation|Comedy|Family,"['Animation', 'Comedy']"
383393,383393.jpg,../data/raw/383393.jpg,182,268,JPEG,92469a60173a27903832caeeef0cc6fb,31302c3bee4c3036,Helter Skelter (2004),Action|Crime|Drama,"['Action', 'Drama']"
3845670,3845670.jpg,../data/raw/3845670.jpg,182,268,JPEG,780756a2cb47b0ebf8074a0ebf735029,e024e0ca70909170,Seoul Station (2016),Animation|Horror,"['Animation', 'Horror']"
384832,384832.jpg,../data/raw/384832.jpg,182,268,JPEG,cf45d2be90747e52b0d122e5f1bcea4f,d0a72d4e660656d3,Battlefield Baseball (2003),Action|Comedy|Horror,"['Action', 'Comedy', 'Horror']"
3854104,3854104.jpg,../data/raw/3854104.jpg,182,268,JPEG,0238dc9a0cc1728db959cb93d75fc762,aaaa6c8c9c9292f0,Felt (2014),Drama|Horror|Romance,"['Drama', 'Horror', 'Romance']"
385586,385586.jpg,../data/raw/385586.jpg,182,268,JPEG,23fcef88c634690627833894519a10d3,c4e68eeee069fc9c,Cat Soup (2001),Animation|Short|Comedy,"['Animation', 'Comedy']"
385700,385700.jpg,../data/raw/385700.jpg,182,268,JPEG,fa3b435c8774f580344d74259573bd06,a1e0c0f8ed63c024,Fainaru fantají¬ sebun adobento chirudoren (2005),Animation|Action|Adventure,"['Animation', 'Action', 'Adventure']"
385880,385880.jpg,../data/raw/385880.jpg,182,268,JPEG,fd748ad85342582e7b78429c5ec16fbc,e0cc9e36b2f0cac8,Monster House (2006),Animation|Adventure|Comedy,"['Animation', 'Adventure', 'Comedy']"
386651,386651.jpg,../data/raw/386651.jpg,182,268,JPEG,ce78f9786a0e5a8ee7bbe2c170201635,62a0c242d2b2e060,Mountain Patrol (2004),Action|Drama,"['Action', 'Drama']"
386741,386741.jpg,../data/raw/386741.jpg,182,268,JPEG,d8a9739dc3ed03ae435cd44a64445640,0767242cd2d282b2,Renaissance (2006),Animation|Action|Sci-Fi,"['Animation', 'Action']"
386820,386820.jpg,../data/raw/386820.jpg,182,268,JPEG,48dfffac0bcefd3ea75b80c5529af1fc,61271a16560d4f8a,Terkel i knibe (2004),Animation|Comedy|Musical,"['Animation', 'Comedy']"
387658,387658.jpg,../data/raw/387658.jpg,182,268,JPEG,dc1f863d9c2a17c4bafb1fb3e4839b09,e86cd6cc8d6d6e54,Bionicle 2: Legends of Metru Nui (2004),Animation|Action|Adventure,"['Animation', 'Action', 'Adventure']"
389328,389328.jpg,../data/raw/389328.jpg,182,268,JPEG,bac67cdc5ac0746bd97cacc87353b7d1,e8b071697339e8e9,Rise: Blood Hunter (2007),Action|Horror|Mystery,"['Action', 'Horror']"
389790,389790.jpg,../data/raw/389790.jpg,182,268,JPEG,5190a7faa69ba8620ad95c59f3c75f35,33071f1f8e78710f,Bee Movie (2007),Animation|Adventure|Comedy,"['Animation', 'Adventure', 'Comedy']"
3899262,3899262.jpg,../data/raw/3899262.jpg,182,268,JPEG,65b81f8b1127b53e99d072f276e50a63,d098e0ecc8d4b6e0,Cyborg X (2016),Action|Horror,"['Action', 'Horror']"
390808,390808.jpg,../data/raw/390808.jpg,182,268,JPEG,d2c84babcd7419b0a817b2752f899f2d,733a66668be8c803,36th Precinct (2004),Action|Crime|Drama,"['Action', 'Drama']"
3911200,3911200.jpg,../data/raw/3911200.jpg,182,268,JPEG,084b255a380c6511d80eadc8ebad5e67,f0e4e9a3991b7290,Iron Man and Captain America: Heroes United (2014),Animation|Action|Adventure,"['Animation', 'Action', 'Adventure']"
3917210,3917210.jpg,../data/raw/3917210.jpg,182,268,JPEG,cc375d06357e44922b8619727eb69b0b,8ccc9e96f0cc0686,"Life, Animated (2016)",Documentary|Animation|Drama,"['Animation', 'Drama']"
392883,392883.jpg,../data/raw/392883.jpg,182,268,JPEG,bab12c4578f043a4ca65fac81135d313,cb4b44485958cecd,Valley of Flowers (2006),Adventure|Drama|Romance,"['Adventure', 'Drama', 'Romance']"
393109,393109.jpg,../data/raw/393109.jpg,182,268,JPEG,1708a3b9a371ee385aff3b2e0f90deca,c48c98f85c870f4d,Brick (2005),Action|Crime|Drama,"['Action', 'Drama']"
395293,395293.jpg,../data/raw/395293.jpg,182,268,JPEG,59f7c646522a4a86f6d789412f44a421,b020d3caaf3622a4,VeggieTales: The Ballad of Little Joe (2003),Animation|Short|Adventure,"['Animation', 'Adventure']"
396042,396042.jpg,../data/raw/396042.jpg,182,268,JPEG,9869a62d8db2359fea30836f76b6162d,f04944d4e52d8d85,The Ugly Duckling and Me! (2006),Animation|Comedy,"['Animation', 'Comedy']"
396555,396555.jpg,../data/raw/396555.jpg,182,268,JPEG,0340c802b124ca9a43f08026956e379b,cacccc632f1b89f9,Meet the Robinsons (2007),Animation|Adventure|Comedy,"['Animation', 'Adventure', 'Comedy']"
396857,396857.jpg,../data/raw/396857.jpg,182,268,JPEG,62596b04086d97801171580e630e99ad,fc3c3da6b68e8e9b,Shadowboxer (2005),Action|Crime|Drama,"['Action', 'Drama']"
397892,397892.jpg,../data/raw/397892.jpg,182,268,JPEG,018e1b6e15e6c8f42f348dd07fefb466,c1d0ecf4d2d2f5fe,Bolt (2008),Animation|Adventure|Comedy,"['Animation', 'Adventure', 'Comedy']"
398237,398237.jpg,../data/raw/398237.jpg,182,268,JPEG,91166fe00006688b2e48ef671e1cb1e6,b8cce86832b73171,NyÌ_cker! (2004),Animation|Comedy,"['Animation', 'Comedy']"
398286,398286.jpg,../data/raw/398286.jpg,182,268,JPEG,a7b4d5c45911d9c1460d93185a93e2fa,9032145549b15170,Tangled (2010),Animation|Adventure|Comedy,"['Animation', 'Adventure', 'Comedy']"
398378,398378.jpg,../data/raw/398378.jpg,182,268,JPEG,6b2712a280f2e756aba36f2c92e2864d,cec5c15ab9d35101,Vampires: The Turning (2005),Action|Horror|Thriller,"['Action', 'Horror']"
399201,399201.jpg,../data/raw/399201.jpg,182,268,JPEG,00598762c0e53b570a6bde6182c586be,ee13376e3b456cb4,The Island (2005),Action|Adventure|Romance,"['Action', 'Adventure', 'Romance']"
39927,39927.jpg,../data/raw/39927.jpg,182,268,JPEG,bf06d63fddfd6e44046ba050cf1c0e96,5b61793151695105,Tycoon (1947),Romance|Adventure|Drama,"['Romance', 'Adventure', 'Drama']"
399934,399934.jpg,../data/raw/399934.jpg,182,268,JPEG,575a306ec82e9197c377d4b41812e5d9,e0f49407d732f0f0,Zombie Honeymoon (2004),Drama|Horror|Romance,"['Drama', 'Horror', 'Romance']"
4006794,4006794.jpg,../data/raw/4006794.jpg,182,268,JPEG,3c002b31caf47162d3724dcc06c55f9c,d030106658b072b4,Tom and Jerry: The Lost Dragon (2014),Animation|Comedy|Family,"['Animation', 'Comedy']"
400717,400717.jpg,../data/raw/400717.jpg,182,268,JPEG,d71468f7eb20ff70f8d19d71f8c8e9cc,4d0c8e0383072f86,Open Season (2006),Animation|Adventure|Comedy,"['Animation', 'Adventure', 'Comedy']"
4007502,4007502.jpg,../data/raw/4007502.jpg,182,268,JPEG,bda8a604a463ab21621be7e5ab5c433a,60f8d8c8b4e2a2e2,Frozen Fever (2015),Animation|Short|Adventure,"['Animation', 'Adventure']"
4008,4008.jpg,../data/raw/4008.jpg,182,268,JPEG,fe5a1d061670bc4f7398073df96a810d,18490d762d25256c,Gertie the Dinosaur (1914),Animation|Short|Comedy,"['Animation', 'Comedy']"
401233,401233.jpg,../data/raw/401233.jpg,182,268,JPEG,ea192f8b0cea4d23030f09f02e4f6c4b,0fb1c004e5fb1950,Appleseed (2004),Animation|Action|Drama,"['Animation', 'Action', 'Drama']"
401398,401398.jpg,../data/raw/401398.jpg,182,268,JPEG,67b2a8877bed75801fa6dc3d9d447e9d,a01b93e67a9195a0,Kronk's New Groove (2005),Animation|Comedy|Family,"['Animation', 'Comedy']"
402057,402057.jpg,../data/raw/402057.jpg,182,268,JPEG,e615d7d17254de8058c26a67e47493ef,d988acc3c6acaad2,Beowulf & Grendel (2005),Action|Adventure|Drama,"['Action', 'Adventure', 'Drama']"
402158,402158.jpg,../data/raw/402158.jpg,182,268,JPEG,14b2a95e7436d2e2c4d2089dfce06dcd,138384090c8884dc,Empire of the Wolves (2005),Action|Crime|Drama,"['Action', 'Drama']"
402910,402910.jpg,../data/raw/402910.jpg,182,268,JPEG,ae70b19a440f414717a2fad045d3f168,60520c192306cee3,Chaos (2005),Action|Crime|Drama,"['Action', 'Drama']"
4029524,4029524.jpg,../data/raw/4029524.jpg,182,268,JPEG,50f46c2548048159fed0ee3a96a31e3d,c56d50163269a8a4,Bag Man (2014),Short|Action|Drama,"['Action', 'Drama']"
403358,403358.jpg,../data/raw/403358.jpg,182,268,JPEG,ef858190a5e61f7293cceb69496ae7c8,68a0a0e2e4c4b2e2,Nochnoy dozor (2004),Action|Fantasy|Horror,"['Action', 'Horror']"
403703,403703.jpg,../data/raw/403703.jpg,182,268,JPEG,6f15aad98d884f04aae98b3713bdbb12,96c464cccca830e8,Yu-Gi-Oh!: The Movie (2004),Animation|Action|Adventure,"['Animation', 'Action', 'Adventure']"
404390,404390.jpg,../data/raw/404390.jpg,182,268,JPEG,9fe80afd670e2e376a423388c223e309,487cd8c32e464222,Running Scared (2006),Action|Crime|Drama,"['Action', 'Drama']"
405296,405296.jpg,../data/raw/405296.jpg,182,268,JPEG,72f530cdc21ae1bd3c9526995df14316,c9e9ed97d3f0f086,A Scanner Darkly (2006),Animation|Crime|Drama,"['Animation', 'Drama']"
405469,405469.jpg,../data/raw/405469.jpg,182,268,JPEG,97a0b8606c300beaddf71d70a83124c2,3954d2aa8ea2f0f1,The Wild (2006),Animation|Adventure|Comedy,"['Animation', 'Adventure', 'Comedy']"
406310,406310.jpg,../data/raw/406310.jpg,182,268,JPEG,706cabff0b8ccd05b6b9f1725d19f055,92e6bf3233869ed8,Van Helsing: The London Assignment (2004),Animation|Short|Action,"['Animation', 'Action']"
406672,406672.jpg,../data/raw/406672.jpg,182,268,JPEG,0938e139ef77bcbda5726212575e1e94,ee5b6fc998c6f45a,Kureyon Shin-chan ankoku tamatama daitsuiseki (1997),Animation|Comedy|Action,"['Animation', 'Comedy', 'Action']"
407121,407121.jpg,../data/raw/407121.jpg,182,268,JPEG,424f432043f2491bf16967839e1a8239,d494552b921368e8,Pooh's Heffalump Movie (2005),Animation|Comedy|Family,"['Animation', 'Comedy']"
407236,407236.jpg,../data/raw/407236.jpg,182,268,JPEG,645f32b0301bb73704a6fb2f2be76cdf,270c06f2bab27430,Lunacy (2005),Animation|Drama|Horror,"['Animation', 'Drama', 'Horror']"
40724,40724.jpg,../data/raw/40724.jpg,182,268,JPEG,8e214ef90b7165b0d0fcadbf0d2c942e,5313c163271b1b23,Red River (1948),Action|Adventure|Romance,"['Action', 'Adventure', 'Romance']"
407924,407924.jpg,../data/raw/407924.jpg,182,268,JPEG,226d27756146976a201eaee87ac76a96,81b484d0e8f8f628,Martian Successor Nadesico - The Motion Picture: Prince of Darkness (1998),Animation|Action|Sci-Fi,"['Animation', 'Action']"
409011,409011.jpg,../data/raw/409011.jpg,182,268,JPEG,a2633c1d565aa5e02c2c2020d2050375,4d4ce5914d455951,Love Wrecked (2005),Adventure|Comedy|Romance,"['Adventure', 'Comedy', 'Romance']"
409182,409182.jpg,../data/raw/409182.jpg,182,268,JPEG,1df1e172564fa4c9925a06520dfc47c3,bbd79b3978623850,Poseidon (2006),Action|Adventure|Drama,"['Action', 'Adventure', 'Drama']"
40946,40946.jpg,../data/raw/40946.jpg,182,268,JPEG,cde95e7e561c0e7b2ec64fc65bdae63a,1945271d19487261,Wake of the Red Witch (1948),Action|Adventure|Romance,"['Action', 'Adventure', 'Romance']"
4094724,4094724.jpg,../data/raw/4094724.jpg,182,268,JPEG,967cd8b7a83c5e9befe49b85be3f718f,7169f0e1d0d4e0e8,The Purge: Election Year (2016),Action|Horror|Sci-Fi,"['Action', 'Horror']"
411815,411815.jpg,../data/raw/411815.jpg,182,268,JPEG,f66802d3f7b8d8fd602956fa340d2cf4,b7f3a796d16347de,Run (2004),Action|Comedy|Romance,"['Action', 'Comedy', 'Romance']"
412936,412936.jpg,../data/raw/412936.jpg,182,268,JPEG,f40b9a07147c9c6fce5711adf3614031,07266167fc3a6896,Lorenzo (2004),Animation|Short|Comedy,"['Animation', 'Comedy']"
414243,414243.jpg,../data/raw/414243.jpg,182,268,JPEG,b4e23770d74e7d9ab07fd2e2e6a81c82,4d282a6442696151,Love Hina Christmas Special: Silent Eve (2000),Animation|Comedy|Romance,"['Animation', 'Comedy', 'Romance']"
414853,414853.jpg,../data/raw/414853.jpg,182,268,JPEG,17cae7b2a3be4235cdf18b0acb45723e,9eb70d4d39994f24,Barnyard (2006),Animation|Comedy|Family,"['Animation', 'Comedy']"
415778,415778.jpg,../data/raw/415778.jpg,182,268,JPEG,45b520cb8abbff78e947a1e50777e472,c5f6770b476b0d05,End Game (2006),Action|Crime|Drama,"['Action', 'Drama']"
415853,415853.jpg,../data/raw/415853.jpg,182,268,JPEG,c39207a2b2826d19bbcaedde4650ee0c,00a62da0a6a49090,L'homme sans ombre (2004),Animation|Short|Drama,"['Animation', 'Drama']"
416938,416938.jpg,../data/raw/416938.jpg,182,268,JPEG,bb901f94513632cd0047f93434c077aa,b2a6712909392a78,Love Hina Spring Special (2001),Animation|Comedy|Musical,"['Animation', 'Comedy']"
417072,417072.jpg,../data/raw/417072.jpg,182,268,JPEG,5142abb532d34256be399fefb33dbd3a,9918145acec4b126,R-Point (2004),Action|Horror|War,"['Action', 'Horror']"
417976,417976.jpg,../data/raw/417976.jpg,182,268,JPEG,025fbe0bebc80cebe01874a1eff4a281,062c6763c8c8d4d2,Wu ji (2005),Action|Drama|Fantasy,"['Action', 'Drama']"
4180514,4180514.jpg,../data/raw/4180514.jpg,182,268,JPEG,38e7b9985a813e2614914fa9f1a2a84a,ff482c906c726218,Tremors 5: Bloodlines (2015),Action|Horror|Sci-Fi,"['Action', 'Horror']"
418763,418763.jpg,../data/raw/418763.jpg,182,268,JPEG,5507d62a7a321942066c1ff580a3f5a5,a8b230b1b030e8d4,Jarhead (2005),Action|Drama|War,"['Action', 'Drama']"
4189260,4189260.jpg,../data/raw/4189260.jpg,182,268,JPEG,4b4c1ec59d143c5a37a3940fa49f8525,30e4c8a897ecf256,Lego DC Comics Super Heroes: Justice League vs. Bizarro League (2015),Animation|Action|Adventure,"['Animation', 'Action', 'Adventure']"
4189294,4189294.jpg,../data/raw/4189294.jpg,182,268,JPEG,a7f230b39f8405e79ce5cfaf0ccb9082,06253319bc8bd372,Lego DC Comics: Batman Be-Leaguered (2014),Animation|Short|Action,"['Animation', 'Action']"
419073,419073.jpg,../data/raw/419073.jpg,182,268,JPEG,993f38d7c128ef14df48e0361f55a0f0,78d123aaeccccccc,Princess (2006),Animation|Action|Drama,"['Animation', 'Action', 'Drama']"
4191054,4191054.jpg,../data/raw/4191054.jpg,182,268,JPEG,72a6e0120712e734efa2e80067f342dd,e0c4dc8cc8cca4a0,Strange Magic (2015),Animation|Adventure|Comedy,"['Animation', 'Adventure', 'Comedy']"
419358,419358.jpg,../data/raw/419358.jpg,182,268,JPEG,af1c82a3fb4b22af566f6f218462f15f,ccba927ef2f05af0,The Poseidon Adventure (2005),Adventure|Action|Drama,"['Adventure', 'Action', 'Drama']"
419704,419704.jpg,../data/raw/419704.jpg,182,268,JPEG,0b40f88f11c0fde812624772eab3b70c,70590f0e8f0d8c4c,Donkey Xote (2007),Animation|Family,['Animation']
419706,419706.jpg,../data/raw/419706.jpg,182,268,JPEG,80e6862f8aed9dcd54df16d25ac31c77,96b3e5dcdcc54c96,Doom (2005),Action|Adventure|Horror,"['Action', 'Adventure', 'Horror']"
419724,419724.jpg,../data/raw/419724.jpg,182,268,JPEG,46418d2c83beb2ad65fd66794346dd6c,dccc32f2daf2a216,The Haunted World of El Superbeasto (2009),Animation|Action|Comedy,"['Animation', 'Action', 'Comedy']"
420076,420076.jpg,../data/raw/420076.jpg,182,268,JPEG,faf8a6c488e968cb0990ac46ecad7282,32f27894d08474d2,PokÌ©mon: Jirachi - Wish Maker (2003),Animation|Action|Adventure,"['Animation', 'Action', 'Adventure']"
420238,420238.jpg,../data/raw/420238.jpg,182,268,JPEG,62ad596dad79037924b803234a394ddf,3824063386c661f0,The Tale of Despereaux (2008),Animation|Adventure|Comedy,"['Animation', 'Adventure', 'Comedy']"
422236,422236.jpg,../data/raw/422236.jpg,182,268,JPEG,41ed695c577993884f9bd3631b6c9850,2626b4ec61499e96,Fida (2004),Action|Romance|Thriller,"['Action', 'Romance']"
423294,423294.jpg,../data/raw/423294.jpg,182,268,JPEG,1517e4e9e5bb4971512972a2dc27a9f3,a02373f439789011,Surf's Up (2007),Animation|Comedy|Family,"['Animation', 'Comedy']"
424095,424095.jpg,../data/raw/424095.jpg,182,268,JPEG,3706a0eefd4eda97ee471120d7769065,e0d0f1ecccf0312f,Flushed Away (2006),Animation|Adventure|Comedy,"['Animation', 'Adventure', 'Comedy']"
424228,424228.jpg,../data/raw/424228.jpg,182,268,JPEG,a252d09bbba124c70700578ff0825548,69640763665b5949,The Land Before Time XI: Invasion of the Tinysauruses (2005),Animation|Adventure|Family,"['Animation', 'Adventure']"
424279,424279.jpg,../data/raw/424279.jpg,182,268,JPEG,d8930cf4e82413494f94f769cb085d48,28396d5b79554dcc,Mickey's Twice Upon a Christmas (2004),Animation|Comedy|Family,"['Animation', 'Comedy']"
426148,426148.jpg,../data/raw/426148.jpg,182,268,JPEG,629d68acff551336ae46c6bcc7af85c4,eccc36588aa9bcac,Once Upon a Mattress,Animation|Action|Adventure,"['Animation', 'Action', 'Adventure']"
426459,426459.jpg,../data/raw/426459.jpg,182,268,JPEG,036fa03140f15d0c320f6b9601bda1d2,61b79662f21669b2,Feast (2005),Action|Comedy|Horror,"['Action', 'Comedy', 'Horror']"
426501,426501.jpg,../data/raw/426501.jpg,182,268,JPEG,6a87f3136ce06db1355f8095e74f6844,28312153e368b1b4,Johnny Was (2006),Action|Crime|Drama,"['Action', 'Drama']"
427038,427038.jpg,../data/raw/427038.jpg,182,268,JPEG,f396fcbe0a425a8421c624323ba14567,e9467634b4ce4e63,Carlito's Way: Rise to Power (2005),Action|Crime|Drama,"['Action', 'Drama']"
427531,427531.jpg,../data/raw/427531.jpg,182,268,JPEG,e75f2905239c8539fe0ad2d13b57b95f,9c986acef4f8e8b2,Mezzo Forte,Animation|Comedy|Crime,"['Animation', 'Comedy']"
4276752,4276752.jpg,../data/raw/4276752.jpg,182,268,JPEG,1b7a9ce93320d8672641a30b9c28b692,b0cccccc60e0b071,The Ghouls (2015),Action|Horror|Thriller,"['Action', 'Horror']"
427954,427954.jpg,../data/raw/427954.jpg,182,268,JPEG,44a2c5e0fac0b420242437558edaefd3,d831706061719027,The Protector (2005),Action|Crime|Drama,"['Action', 'Drama']"
428646,428646.jpg,../data/raw/428646.jpg,182,268,JPEG,cef13a55c486d92bb8d91f5b8297aeea,62f0f0f1d2e4e813,Hui Buh (2006),Animation|Fantasy|Adventure,"['Animation', 'Adventure']"
429589,429589.jpg,../data/raw/429589.jpg,182,268,JPEG,23195521867877f51de56622daaae81b,e98e960eececb2c8,The Ant Bully (2006),Animation|Adventure|Comedy,"['Animation', 'Adventure', 'Comedy']"
4302938,4302938.jpg,../data/raw/4302938.jpg,182,268,JPEG,dbdb93dce6ffa78c12359da7965fcbcf,ebe8a88e173bd9fa,Kubo and the Two Strings (2016),Animation|Adventure|Family,"['Animation', 'Adventure']"
431619,431619.jpg,../data/raw/431619.jpg,182,268,JPEG,e59666b2ab06af4fcc8cb0cd2cf52c73,039d91064a432770,Arya (2004),Action|Drama|Romance,"['Action', 'Drama', 'Romance']"
431770,431770.jpg,../data/raw/431770.jpg,182,268,JPEG,44cee1b66c49b673dee62d594706ddd9,928cf6b29adc7555,Galerians: Rion (2004),Animation|Action|Horror,"['Animation', 'Action', 'Horror']"
432021,432021.jpg,../data/raw/432021.jpg,182,268,JPEG,ce2357c975ddf9f85a38ff451a1d1fd1,c894940f0dcccccc,Resident Evil: Extinction (2007),Action|Horror|Sci-Fi,"['Action', 'Horror']"
432283,432283.jpg,../data/raw/432283.jpg,182,268,JPEG,65905d7d525009eee631b643831d9563,e8aef2a494d4e8b2,Fantastic Mr. Fox (2009),Animation|Adventure|Comedy,"['Animation', 'Adventure', 'Comedy']"
4324274,4324274.jpg,../data/raw/4324274.jpg,182,268,JPEG,37567f9930d263f63c13ef5ffa53fcf4,d3e078219233cccc,Batman vs. Robin (2015),Animation|Action|Adventure,"['Animation', 'Action', 'Adventure']"
4324302,4324302.jpg,../data/raw/4324302.jpg,182,268,JPEG,28da53a5e8ad302caa7bf92a3ca41e45,1a8ae0ec94060787,Justice League: Gods and Monsters (2015),Animation|Action|Adventure,"['Animation', 'Action', 'Adventure']"
43262,43262.jpg,../data/raw/43262.jpg,182,268,JPEG,889392b6af68fb88c32cb247c06eba2e,0d1d1929171f0316,Across the Wide Missouri (1951),Adventure|Romance|Western,"['Adventure', 'Romance']"
433362,433362.jpg,../data/raw/433362.jpg,182,268,JPEG,9f67f690e341287cda0ebf50a7f51ac8,cccccceccccccccc,Daybreakers (2009),Action|Horror|Sci-Fi,"['Action', 'Horror']"
4335650,4335650.jpg,../data/raw/4335650.jpg,182,268,JPEG,8df774bfa0d11e768a3db12d6e907378,474d272561c6970f,Carnage Park (2016),Action|Crime|Horror,"['Action', 'Horror']"
4337072,4337072.jpg,../data/raw/4337072.jpg,182,268,JPEG,00fd973e5c0cf406c5ca9900c98ddf06,6b6d33914c68dcd4,Ghost in the Shell: The New Movie (2015),Animation|Action|Sci-Fi,"['Animation', 'Action']"
434409,434409.jpg,../data/raw/434409.jpg,182,268,JPEG,49e634edbdbc94522cf6f17acc9be164,b6f766defaecf8e1,V for Vendetta (2005),Action|Drama|Thriller,"['Action', 'Drama']"
435665,435665.jpg,../data/raw/435665.jpg,182,268,JPEG,6c671b235692e62f0bd7f5ce0c8a727b,462e70741696f028,House of the Dead 2 (2005),Action|Horror|Sci-Fi,"['Action', 'Horror']"
435696,435696.jpg,../data/raw/435696.jpg,182,268,JPEG,9ea7f47a93ea981f3569e092e244db2e,c43990d6691c5d4d,The Russian Specialist (2005),Action|Drama|Thriller,"['Action', 'Drama']"
435761,435761.jpg,../data/raw/435761.jpg,182,268,JPEG,d2e420dbd6b873588f340646a7047ea0,c89e134b4d4bcecc,Toy Story 3 (2010),Animation|Adventure|Comedy,"['Animation', 'Adventure', 'Comedy']"
436339,436339.jpg,../data/raw/436339.jpg,182,268,JPEG,68f1ab9d1e31ef9f0f889dd9bb602ebb,0b02684851150b49,G-Force (2009),Animation|Action|Adventure,"['Animation', 'Action', 'Adventure']"
436498,436498.jpg,../data/raw/436498.jpg,182,268,JPEG,2c719d9bc836399d75191a1405ec514e,98d171124b4148c0,Last Rites (2006),Action|Horror|Sci-Fi,"['Action', 'Horror']"
437179,437179.jpg,../data/raw/437179.jpg,182,268,JPEG,df97fc14334ddd3c93f4e6a5f95f8563,0998e6a6522060c0,See No Evil (2006),Action|Horror|Thriller,"['Action', 'Horror']"
43778,43778.jpg,../data/raw/43778.jpg,182,268,JPEG,4cb1ca416a1dabd988302db67d0b8d24,3f4f5f575575aa81,The Man from Planet X (1951),Horror|Romance|Sci-Fi,"['Horror', 'Romance']"
438097,438097.jpg,../data/raw/438097.jpg,182,268,JPEG,b63d4eeea39c4de29a7b141b4f813640,a670f4d4e07132a4,Ice Age: The Meltdown (2006),Animation|Action|Adventure,"['Animation', 'Action', 'Adventure']"
439123,439123.jpg,../data/raw/439123.jpg,182,268,JPEG,780fcfc1fd467590b644ba6e20459fd8,89c1b05ae36e3b33,Azur et Asmar (2006),Animation|Adventure|Family,"['Animation', 'Adventure']"
439309,439309.jpg,../data/raw/439309.jpg,182,268,JPEG,4d99dd7ef0163433322e41c2415a0a6a,beb2e6a68c2078ac,Swamp Zombies!!! (2005),Action|Horror,"['Action', 'Horror']"
439532,439532.jpg,../data/raw/439532.jpg,182,268,JPEG,16c2c270cd9b96883e1dd0edecd254a2,a998cad29293b12d,Dead End Road (2004),Action|Adventure|Horror,"['Action', 'Adventure', 'Horror']"
439533,439533.jpg,../data/raw/439533.jpg,182,268,JPEG,14fdc3961fcec10ea49a596acf1b2345,4b60646274254fc6,Dead Leaves (2004),Animation|Action|Adventure,"['Animation', 'Action', 'Adventure']"
439630,439630.jpg,../data/raw/439630.jpg,182,268,JPEG,dc1da733d8c52daad85d1614ae946cde,d1d298c8e0f0b207,Initial D (2005),Action|Comedy|Drama,"['Action', 'Comedy', 'Drama']"
440846,440846.jpg,../data/raw/440846.jpg,182,268,JPEG,01f24682b78fe11c355415a7ff36dfbb,e64a9f8dae8ecc90,Fallen Art (2004),Comedy|Animation|Short,"['Comedy', 'Animation']"
441641,441641.jpg,../data/raw/441641.jpg,182,268,JPEG,c1e6b412af122dd8c5b46902135d173e,8f8333bc9676783a,Janji Joni (2005),Adventure|Comedy|Romance,"['Adventure', 'Comedy', 'Romance']"
441773,441773.jpg,../data/raw/441773.jpg,182,268,JPEG,896acdb8f54735d7a86c3aa49366b6c8,44708919d84c0df0,Kung Fu Panda (2008),Animation|Action|Adventure,"['Animation', 'Action', 'Adventure']"
441787,441787.jpg,../data/raw/441787.jpg,182,268,JPEG,3685ba5cb275c3e60b5b99065ad66868,eed3cbceb3339cb9,Rubber Johnny (2005),Animation|Short|Horror,"['Animation', 'Horror']"
442286,442286.jpg,../data/raw/442286.jpg,182,268,JPEG,4c4c6b9ec90b258239a525ed3c669aaa,686662e8f8b1a386,Kakushi ken oni no tsume (2004),Action|Drama|Romance,"['Action', 'Drama', 'Romance']"
442933,442933.jpg,../data/raw/442933.jpg,182,268,JPEG,a217dd752dc4be83ff2886170dcfa4a0,73839f0f46476492,Beowulf (2007),Animation|Action|Adventure,"['Animation', 'Action', 'Adventure']"
443536,443536.jpg,../data/raw/443536.jpg,182,268,JPEG,3cbdfcb957b7d593b74abdd941ed8781,a0726b515571f0e4,Hoodwinked! (2005),Animation|Action|Comedy,"['Animation', 'Action', 'Comedy']"
4437640,4437640.jpg,../data/raw/4437640.jpg,182,268,JPEG,bfdec2c736761aa13266abb942a5f5a9,6d0c18db3e7a716b,Batman Unlimited: Animal Instincts (2015),Animation|Action|Adventure,"['Animation', 'Action', 'Adventure']"
44413,44413.jpg,../data/raw/44413.jpg,182,268,JPEG,67ea2108a02ddd41066e149d1dbdf17e,4343851135938784,Bend of the River (1952),Action|Adventure|Romance,"['Action', 'Adventure', 'Romance']"
44420,44420.jpg,../data/raw/44420.jpg,182,268,JPEG,f7fad913e8296fbbf02a85fa6b79c627,c6c6c6c6c62e98b1,The Big Trees (1952),Action|Romance|Western,"['Action', 'Romance']"
444845,444845.jpg,../data/raw/444845.jpg,182,268,JPEG,a0fdb8ce6c5cdccdf0101e743b32170d,0f9733b8ead41400,Joulupukki ja noitarumpu (1996),Animation|Comedy|Family,"['Animation', 'Comedy']"
447854,447854.jpg,../data/raw/447854.jpg,182,268,JPEG,f0500d8a8ac5b4fb53a5e853add52cbc,e6fcfcae5cfcfcd9,Bambi II (2006),Animation|Drama|Family,"['Animation', 'Drama']"
4485246,4485246.jpg,../data/raw/4485246.jpg,182,268,JPEG,890ac87739e2b3d65a9204b85dd2fb90,e8fc8e6ca8ac5c63,Danny Says (2015),Documentary|Animation|Biography,['Animation']
448694,448694.jpg,../data/raw/448694.jpg,182,268,JPEG,1dc91c009ccc3e16a7edfb46dfaeee14,cc86c6d393b324cc,Puss in Boots (2011),Animation|Action|Adventure,"['Animation', 'Action', 'Adventure']"
4490654,4490654.jpg,../data/raw/4490654.jpg,182,268,JPEG,53717ddf53ab0d70a7257124655b6a2e,6fc94525b3767b5f,You're Killing Me (2015),Comedy|Horror|Romance,"['Comedy', 'Horror', 'Romance']"
44958,44958.jpg,../data/raw/44958.jpg,182,268,JPEG,1c7e7fb773402d037c4ed9bc507039b7,bcfcecc163ca73c2,Neighbours (1952),Animation|Short|Comedy,"['Animation', 'Comedy']"
4497416,4497416.jpg,../data/raw/4497416.jpg,182,268,JPEG,22f30668d4e7b6e4f767b05a4b6410df,6b591d0ed39c3f63,Lake Placid vs. Anaconda (2015),Action|Horror|Sci-Fi,"['Action', 'Horror']"
450232,450232.jpg,../data/raw/450232.jpg,182,268,JPEG,d730cab2289965ad2cdb69e6691d5aaf,4ea62656530b0f09,16 Blocks (2006),Action|Crime|Drama,"['Action', 'Drama']"
4503906,4503906.jpg,../data/raw/4503906.jpg,182,268,JPEG,a7581f95b536c14ad15a4658c66bc800,aaeb5949e8e3f95d,PokÌ©mon the Movie: Hoopa and the Clash of Ages (2015),Animation|Action|Adventure,"['Animation', 'Action', 'Adventure']"
45062,45062.jpg,../data/raw/45062.jpg,182,268,JPEG,5d18b5b46f2c4f78be69eae8dbecfb7a,b446a5a418097983,Rabbit Seasoning (1952),Animation|Family|Short,['Animation']
451079,451079.jpg,../data/raw/451079.jpg,182,268,JPEG,97d6165550a213689ab46ddac1cf5161,c8a1b0b2b1347475,Horton Hears a Who! (2008),Animation|Adventure|Comedy,"['Animation', 'Adventure', 'Comedy']"
4511566,4511566.jpg,../data/raw/4511566.jpg,182,268,JPEG,f96923f3c1627ec81a610f3ee81209ed,191e30b0a081664f,Navy Seals vs. Zombies (2015),Action|Horror,"['Action', 'Horror']"
45162,45162.jpg,../data/raw/45162.jpg,182,268,JPEG,c42327ab3c9ea856eaa423d847f79ef1,5b7965472f61792f,The Snows of Kilimanjaro (1952),Adventure|Drama|Romance,"['Adventure', 'Drama', 'Romance']"
451954,451954.jpg,../data/raw/451954.jpg,182,268,JPEG,902d71f7bf0a0ed64c4421b74e357a3b,69e8b49c844aeaa2,TÌ«kyÌ« zonbi (2005),Action|Comedy|Horror,"['Action', 'Comedy', 'Horror']"
452039,452039.jpg,../data/raw/452039.jpg,182,268,JPEG,f0e63065d1fd9082ba557ea66037e4e6,71f0d4d20d2c610b,Mind Game (2004),Animation|Adventure|Comedy,"['Animation', 'Adventure', 'Comedy']"
453556,453556.jpg,../data/raw/453556.jpg,182,268,JPEG,3dfe1823d32be7c01f2f419784d4f652,d0a5c8e935d1c0b0,TMNT (2007),Animation|Action|Adventure,"['Animation', 'Action', 'Adventure']"
4540434,4540434.jpg,../data/raw/4540434.jpg,182,268,JPEG,a73e330113bfd42b24a6d8ce165737d0,360f3774f871178e,Paradox (2016),Action|Drama|Sci-Fi,"['Action', 'Drama']"
45494,45494.jpg,../data/raw/45494.jpg,182,268,JPEG,86d5d39523421f303b06680a192484ae,52b694c4c8e8f0d3,All the Brothers Were Valiant (1953),Adventure|Drama|Romance,"['Adventure', 'Drama', 'Romance']"
455142,455142.jpg,../data/raw/455142.jpg,182,268,JPEG,a12065102ff7b99fa2ad78bf2874dd5f,26d2f1b1f3e2e8d4,Kirikou et les bÌ»tes sauvages (2005),Animation|Adventure|Family,"['Animation', 'Adventure']"
455326,455326.jpg,../data/raw/455326.jpg,182,268,JPEG,09968c627d90e9969fc3239084518ac2,fc6cc563057062d4,Aqua Teen Hunger Force Colon Movie Film for Theaters (2007),Animation|Action|Adventure,"['Animation', 'Action', 'Adventure']"
455499,455499.jpg,../data/raw/455499.jpg,182,268,JPEG,b773a99ac6d914d4879f7cd2f217f07c,0b231b1f33172b2f,Garfield: A Tail of Two Kitties (2006),Animation|Comedy|Family,"['Animation', 'Comedy']"
456020,456020.jpg,../data/raw/456020.jpg,182,268,JPEG,daa958b07bd9f8c35e9c422293cc9733,c2c2c2ccf8cccca9,Waist Deep (2006),Action|Crime|Drama,"['Action', 'Drama']"
4567486,4567486.jpg,../data/raw/4567486.jpg,182,268,JPEG,d0eb643eb9a88e41a54e884d69d82b5a,f0f892e8e8f0f0d0,The Mind's Eye (2015),Action|Horror|Sci-Fi,"['Action', 'Horror']"
456912,456912.jpg,../data/raw/456912.jpg,182,268,JPEG,beaf09576eb0bcadb53aedd600c13430,96c461b9c9c7348c,A Bittersweet Life (2005),Action|Crime|Drama,"['Action', 'Drama']"
45708,45708.jpg,../data/raw/45708.jpg,182,268,JPEG,0d9ae6094a2ef93c2a4b5560568d2e49,43cd524345713b36,Duck Amuck (1953),Family|Animation|Comedy,"['Animation', 'Comedy']"
461703,461703.jpg,../data/raw/461703.jpg,182,268,JPEG,5b4571cec752ea962710477a6ccda3c5,df3f1fdf3df365f1,Skinwalkers (2006),Action|Fantasy|Horror,"['Action', 'Horror']"
461770,461770.jpg,../data/raw/461770.jpg,182,268,JPEG,e63925c6cdf213d95c2e541da148b917,96b2b2e860332b37,Enchanted (2007),Animation|Comedy|Family,"['Animation', 'Comedy']"
462322,462322.jpg,../data/raw/462322.jpg,182,268,JPEG,9ca7ebe99e5af9c50f5c44b075614839,6d5d41213d1f294d,Grindhouse (2007),Action|Horror|Thriller,"['Action', 'Horror']"
4624424,4624424.jpg,../data/raw/4624424.jpg,182,268,JPEG,7a7fca7540559f35063d47e15f27cf29,e74715cd49b8bde6,Storks (2016),Animation|Adventure|Comedy,"['Animation', 'Adventure', 'Comedy']"
46267,46267.jpg,../data/raw/46267.jpg,182,268,JPEG,68c0b6ca2becf0232e428d3459ccfb1e,65696b75b737696b,Sailor of the King (1953),Action|Drama|Romance,"['Action', 'Drama', 'Romance']"
4635,4635.jpg,../data/raw/4635.jpg,182,268,JPEG,9fadb2444d16a311e2691b87837a2994,6827171317333313,The Squaw Man (1914),Action|Drama|Romance,"['Action', 'Drama', 'Romance']"
463985,463985.jpg,../data/raw/463985.jpg,182,268,JPEG,2260cd8dc5748c75bb6415053d2205be,dd3d3065418a391c,The Fast and the Furious: Tokyo Drift (2006),Action|Crime|Romance,"['Action', 'Romance']"
4644382,4644382.jpg,../data/raw/4644382.jpg,182,268,JPEG,8446e732f073fd37a2656e701be50906,30d0e8e8c8ccd8a8,Xi you ji zhi da sheng gui lai (2015),Animation|Action|Adventure,"['Animation', 'Action', 'Adventure']"
46534,46534.jpg,../data/raw/46534.jpg,182,268,JPEG,0d1a281727df180e58d4172fedfe91d7,717175756d73070f,The War of the Worlds (1953),Action|Horror|Sci-Fi,"['Action', 'Horror']"
465502,465502.jpg,../data/raw/465502.jpg,182,268,JPEG,d33b721bb6b6719eeea603d5ab5988d3,423216464b43262b,Igor (2008),Animation|Comedy|Family,"['Animation', 'Comedy']"
465657,465657.jpg,../data/raw/465657.jpg,182,268,JPEG,b5b821cf60132f5d715be38886f5c7b8,9c9c74c5dd1a1849,Highlander: The Search for Vengeance (2007),Animation|Action|Fantasy,"['Animation', 'Action']"
465925,465925.jpg,../data/raw/465925.jpg,182,268,JPEG,33bc5146387cc5162359be7e30faa655,0eae6a52726b1c9c,Brother Bear 2 (2006),Animation|Adventure|Comedy,"['Animation', 'Adventure', 'Comedy']"
465997,465997.jpg,../data/raw/465997.jpg,182,268,JPEG,5768e933c3e19d065d717cc4a73b512d,b2f48e96aaeac696,The Fox and the Hound 2 (2006),Animation|Adventure|Comedy,"['Animation', 'Adventure', 'Comedy']"
4661600,4661600.jpg,../data/raw/4661600.jpg,182,268,JPEG,547c7d653f93406be573a6b50413c6a3,b6f444ccc8e0b2b0,Sanjay's Super Team (2015),Animation|Short|Action,"['Animation', 'Action']"
468445,468445.jpg,../data/raw/468445.jpg,182,268,JPEG,0d5b79d9cbd92ea658870b68c3562208,92cce4ccecababa6,The Amazing Screw-On Head (2006),Animation|Short|Action,"['Animation', 'Action']"
4685096,4685096.jpg,../data/raw/4685096.jpg,182,268,JPEG,6a593fda5e802017c442b58b8f89c377,d2d2d6ccf28c0de1,3-Headed Shark Attack (2015),Action|Horror|Sci-Fi,"['Action', 'Horror']"
469146,469146.jpg,../data/raw/469146.jpg,182,268,JPEG,cccc7bb0449beadd5aeeb717d9039367,f0e488c8eee2e8f0,The Mysterious Geographic Explorations of Jasper Morello (2005),Animation|Short|Adventure,"['Animation', 'Adventure']"
4692656,4692656.jpg,../data/raw/4692656.jpg,182,268,JPEG,ccb144e2c63ac269736641510d9dc677,f8b3ee9db193d7df,Tom and Jerry: Spy Quest (2015),Animation|Action|Adventure,"['Animation', 'Action', 'Adventure']"
469916,469916.jpg,../data/raw/469916.jpg,182,268,JPEG,7d9896009a51d9836f8717b01518a02f,d2a5c4cc98bc9cdc,Hollow Man II (2006),Action|Horror|Sci-Fi,"['Action', 'Horror']"
471588,471588.jpg,../data/raw/471588.jpg,182,268,JPEG,49435a7ffdc57bbdaf4119913da4bc78,385f96d69871b553,Bionicle 3: Web of Shadows (2005),Animation,['Animation']
471711,471711.jpg,../data/raw/471711.jpg,182,268,JPEG,b81ec3214ec8c281f71663b6938ba023,beecc5dc98b9d828,Futurama: Bender's Big Score (2007),Animation|Comedy|Romance,"['Animation', 'Comedy', 'Romance']"
472033,472033.jpg,../data/raw/472033.jpg,182,268,JPEG,2f340a6916a40eb864ba886692cee788,f1e9e860a888c8b2,9 (2009),Animation|Action|Adventure,"['Animation', 'Action', 'Adventure']"
472043,472043.jpg,../data/raw/472043.jpg,182,268,JPEG,9b3b6897e35ec7da84adeb3a1c941c60,f8e88e8ececcccf0,Apocalypto (2006),Action|Adventure|Drama,"['Action', 'Adventure', 'Drama']"
472219,472219.jpg,../data/raw/472219.jpg,182,268,JPEG,e92979ddfd407f75a60493e1452b1623,9c042733222eb60a,The Batman vs. Dracula (2005),Animation|Action|Horror,"['Animation', 'Action', 'Horror']"
4729754,4729754.jpg,../data/raw/4729754.jpg,182,268,JPEG,12063218b9aa7ad15e03dedb7cf876a8,71f07e32342d2424,Batman Unlimited: Monster Mayhem (2015),Animation|Action|Adventure,"['Animation', 'Action', 'Adventure']"
4731008,4731008.jpg,../data/raw/4731008.jpg,182,268,JPEG,592aeac27f1dcda881b71b81f1b83e36,f078362286cceccc,The Wild Life (2016),Animation|Adventure|Comedy,"['Animation', 'Adventure', 'Comedy']"
473444,473444.jpg,../data/raw/473444.jpg,182,268,JPEG,aead05ca7359a6b07154a4e84cde5f5f,37176133696b2917,Man cheng jin dai huang jin jia (2006),Action|Drama|Romance,"['Action', 'Drama', 'Romance']"
4738360,4738360.jpg,../data/raw/4738360.jpg,182,268,JPEG,545ce7b922ebd0909b4c189782e295d8,9319051b191b9357,Birkebeinerne (2016),Action|Adventure|Drama,"['Action', 'Adventure', 'Drama']"
4743562,4743562.jpg,../data/raw/4743562.jpg,182,268,JPEG,bbcc854c4a550c1a487afba4285fa2ac,94a8b233b37894b6,The Last Heist (2016),Action|Horror|Thriller,"['Action', 'Horror']"
475723,475723.jpg,../data/raw/475723.jpg,182,268,JPEG,62fdd104aaf390ead8c4aaf4e71693e0,a19ccacc4d36e60c,Shinobi: Heart Under Blade (2005),Action|Drama|Fantasy,"['Action', 'Drama']"
475944,475944.jpg,../data/raw/475944.jpg,182,268,JPEG,acca3e95f764989da1410593eb044994,1b3337f07070f0d4,The Covenant (2006),Action|Fantasy|Horror,"['Action', 'Horror']"
475998,475998.jpg,../data/raw/475998.jpg,182,268,JPEG,1f647595cccd633d5cd82eda8486291f,ac2d1e170f1b3394,The Pirates Who Don't Do Anything: A VeggieTales Movie (2008),Animation|Adventure|Comedy,"['Animation', 'Adventure', 'Comedy']"
476680,476680.jpg,../data/raw/476680.jpg,182,268,JPEG,3d54a5a80e76273712d269faaa876b5e,d0f42a93191166c3,Naruto the Movie: Ninja Clash in the Land of Snow (2004),Animation|Action|Adventure,"['Animation', 'Action', 'Adventure']"
47834,47834.jpg,../data/raw/47834.jpg,182,268,JPEG,c528b72f2bf68460537fd47c20a3641e,070e8c8eb68e4d73,Animal Farm (1954),Animation|Drama,"['Animation', 'Drama']"
479008,479008.jpg,../data/raw/479008.jpg,182,268,JPEG,c1ad6020a168f53acd208b05ed8435e1,f2c8e224e6f8dafa,Dante's Inferno (2007),Animation|Comedy,"['Animation', 'Comedy']"
479113,479113.jpg,../data/raw/479113.jpg,182,268,JPEG,5c64a258b172de218035ebc6d32c6eb2,fcb4f0f0d498d8d8,One Man Band (2005),Animation|Short|Family,['Animation']
479528,479528.jpg,../data/raw/479528.jpg,182,268,JPEG,fa82eb120b6afce368f626eefcf63bf7,ec2d99b3b70ee8a4,Rogue (2007),Action|Adventure|Horror,"['Action', 'Adventure', 'Horror']"
479952,479952.jpg,../data/raw/479952.jpg,182,268,JPEG,7350c6e019c4203a4e07be014cbaacb0,a4b0aab69a5a5278,Madagascar: Escape 2 Africa (2008),Animation|Action|Adventure,"['Animation', 'Action', 'Adventure']"
480345,480345.jpg,../data/raw/480345.jpg,182,268,JPEG,a93fb106473fb8b23a109d172c1710f7,e852151c8e0edb6d,Barbie and the Magic of Pegasus 3-D (2005),Animation|Family|Romance,"['Animation', 'Romance']"
481499,481499.jpg,../data/raw/481499.jpg,182,268,JPEG,85adbb26b8f074a9d6611fc8bda25316,60d0d8c99d99dcd6,The Croods (2013),Animation|Adventure|Comedy,"['Animation', 'Adventure', 'Comedy']"
482603,482603.jpg,../data/raw/482603.jpg,182,268,JPEG,f61036e7cf530972f8dbe34785a001fd,a09cc4fd099ad264,Space Chimps (2008),Animation|Adventure|Comedy,"['Animation', 'Adventure', 'Comedy']"
4832640,4832640.jpg,../data/raw/4832640.jpg,182,268,JPEG,0f87ca5ca4a8c2db1972cf60cc8d2e6e,36321371f2cf4ee8,Sultan (2016),Action|Drama|Romance,"['Action', 'Drama', 'Romance']"
484371,484371.jpg,../data/raw/484371.jpg,182,268,JPEG,0fdfa228321b4d6802a87c8b29227288,8cf299a65eb6ec4c,Sword for Truth (1990),Animation|Action|Adventure,"['Animation', 'Action', 'Adventure']"
4853102,4853102.jpg,../data/raw/4853102.jpg,182,268,JPEG,fcb70ebf39964cbc67827294feb04c70,dce0e0e3d48992e6,Batman: The Killing Joke (2016),Animation|Action|Crime,"['Animation', 'Action']"
48538,48538.jpg,../data/raw/48538.jpg,182,268,JPEG,43fb2942c8974af857ac164acbe8769e,7d0b73795555155f,The Rains of Ranchipur (1955),Adventure|Drama|Romance,"['Adventure', 'Drama', 'Romance']"
485601,485601.jpg,../data/raw/485601.jpg,182,268,JPEG,3788a95e1600c54fc53e2eb3666c02d6,b2ecf8697171aab2,The Secret of Kells (2009),Animation|Adventure|Family,"['Animation', 'Adventure']"
485985,485985.jpg,../data/raw/485985.jpg,182,268,JPEG,b6af56c3c0f37de4acaf45f26efb48b9,9df640701c06605c,Red Tails (2012),Action|Adventure|Drama,"['Action', 'Adventure', 'Drama']"
486321,486321.jpg,../data/raw/486321.jpg,182,268,JPEG,4bd01e548ca3bdfcd29b7f8f9aee0e95,d4cc80cc66664494,Fly Me to the Moon 3D (2008),Animation|Adventure|Family,"['Animation', 'Adventure']"
487037,487037.jpg,../data/raw/487037.jpg,182,268,JPEG,bd767148e83441e99ef432b8c806c705,86c433e0e0f2f3c1,Mammoth (2006),Action|Comedy|Horror,"['Action', 'Comedy', 'Horror']"
4870838,4870838.jpg,../data/raw/4870838.jpg,182,268,JPEG,9a18f2063413042bf301db9ac3cb96a4,e08421981c7473d2,Batman: Bad Blood (2016),Animation|Action|Adventure,"['Animation', 'Action', 'Adventure']"
489018,489018.jpg,../data/raw/489018.jpg,182,268,JPEG,68dc80ea9841e6104b79cddfcc0f6d12,684cc4e4601eba6c,Day of the Dead (2008),Action|Horror|Thriller,"['Action', 'Horror']"
489134,489134.jpg,../data/raw/489134.jpg,182,268,JPEG,716ac9edbbae7bb70be3a00fad189cd8,70e4304456586c6a,Last Order: Final Fantasy VII (2005),Animation|Short|Action,"['Animation', 'Action']"
49077,49077.jpg,../data/raw/49077.jpg,182,268,JPEG,ba205b2fb8cff6338a25c78dc6c28b25,01916527b3532301,Cien (1956),Action|Drama,"['Action', 'Drama']"
493226,493226.jpg,../data/raw/493226.jpg,182,268,JPEG,9cdab7061a1d4bd87aac4d3b99f7c256,74b4b4351bbfff0f,Corto Maltese: La maison dorÌ©e de Samarkand (2002),Animation|Action|Adventure,"['Animation', 'Action', 'Adventure']"
493409,493409.jpg,../data/raw/493409.jpg,182,268,JPEG,ede2d57cb24962e3a0be45190f06e9c6,3696b2b696d0c464,Devil's Den (2006),Action|Comedy|Horror,"['Action', 'Comedy', 'Horror']"
4938416,4938416.jpg,../data/raw/4938416.jpg,182,268,JPEG,ef7dd1cd94ce9583d95d866e104da550,00b2352303b8ad6a,LEGO DC Super Heroes: Justice League - Attack of the Legion of Doom! (2015),Animation|Action|Adventure,"['Animation', 'Action', 'Adventure']"
495596,495596.jpg,../data/raw/495596.jpg,182,268,JPEG,b15d44cc2f04954691519290d53413de,347fb8296c7af8c4,Gedo senki (2006),Animation|Adventure|Fantasy,"['Animation', 'Adventure']"
49964,49964.jpg,../data/raw/49964.jpg,182,268,JPEG,5edda2a2b7880a50858a25430c2bfe7c,1c7c052d25746171,World Without End (1956),Adventure|Romance|Sci-Fi,"['Adventure', 'Romance']"
499665,499665.jpg,../data/raw/499665.jpg,182,268,JPEG,fa8fcd607afcb1c31adf2905665658f8,d0fc6cdeccccfcf0,Spider-Man: The Ultimate Villain Showdown (2002),Animation|Action|Adventure,"['Animation', 'Action', 'Adventure']"
50208,50208.jpg,../data/raw/50208.jpg,182,268,JPEG,0f4c8d93d56131e40ca3245563d2bfe1,6d693f3f7d46753d,Boy on a Dolphin (1957),Adventure|Drama|Romance,"['Adventure', 'Drama', 'Romance']"
50470,50470.jpg,../data/raw/50470.jpg,182,268,JPEG,fdde0f3bb70e4def2e4ae96c114b3976,b81d3511352d2e9e,The Guns of Fort Petticoat (1957),Action|Romance|War,"['Action', 'Romance']"
50562,50562.jpg,../data/raw/50562.jpg,182,268,JPEG,f7561884a9f2119170caebe020463794,690111514d49196b,Jet Pilot (1957),Action|Drama|Romance,"['Action', 'Drama', 'Romance']"
50610,50610.jpg,../data/raw/50610.jpg,182,268,JPEG,4f4ed26ad87c7dfd581a9e6d93eed72a,65439717163569dc,Kronos (1957),Action|Drama|Horror,"['Action', 'Drama', 'Horror']"
5091548,5091548.jpg,../data/raw/5091548.jpg,182,268,JPEG,54bd8f1f49049a44837652501e62829d,fae898ce64355e1a,Justice League vs. Teen Titans (2016),Animation|Action|Comedy,"['Animation', 'Action', 'Comedy']"
5143700,5143700.jpg,../data/raw/5143700.jpg,182,268,JPEG,1414b65b6c047dffa58a21680e7583ed,596a41689a6c6d89,La guerre des tuques 3D (2015),Animation|Comedy|Family,"['Animation', 'Comedy']"
51750,51750.jpg,../data/raw/51750.jpg,182,268,JPEG,52f3455c845e250b49f32ad87e1d0287,5e7b618246460845,The Hunters (1958),Action|Drama|Romance,"['Action', 'Drama', 'Romance']"
52047,52047.jpg,../data/raw/52047.jpg,182,268,JPEG,ec1d580a1be962090c0fd08c51052b53,1dd94b4949732f1b,Paris Holiday (1958),Action|Comedy|Romance,"['Action', 'Comedy', 'Romance']"
52395,52395.jpg,../data/raw/52395.jpg,182,268,JPEG,e8f0301b61220df002e7100c45b87a11,39494d4dc909490d,Wind Across the Everglades (1958),Adventure|Drama|Romance,"['Adventure', 'Drama', 'Romance']"
5275778,5275778.jpg,../data/raw/5275778.jpg,182,268,JPEG,22c8d989dc7a573c0d847ef7e4035662,971733533d390d31,Marvel Super Hero Adventures: Frost Fight! (2015),Animation|Action|Adventure,"['Animation', 'Action', 'Adventure']"
5311514,5311514.jpg,../data/raw/5311514.jpg,182,268,JPEG,2ac48a62aa70c56891b857af4397f45d,cee4dc9e3a3b92f1,Kimi no na wa (2016),Animation|Drama|Fantasy,"['Animation', 'Drama']"
53275,53275.jpg,../data/raw/53275.jpg,182,268,JPEG,eccc369a2d093ca33c673d35b77a74eb,cc78304c69662664,Magic Boy (1959),Animation|Family|Adventure,"['Animation', 'Adventure']"
53341,53341.jpg,../data/raw/53341.jpg,182,268,JPEG,d2c967f3422859580df1c8e2471e0407,666168d696868ea2,Ten Seconds to Hell (1959),Action|Drama|Romance,"['Action', 'Drama', 'Romance']"
53344,53344.jpg,../data/raw/53344.jpg,182,268,JPEG,203f7107d3f975047285232d486fd8df,23110b4d05956163,Terror Is a Man (1959),Horror|Romance|Sci-Fi,"['Horror', 'Romance']"
5340882,5340882.jpg,../data/raw/5340882.jpg,182,268,JPEG,b0a1c595fadef740180793296fb8c8a2,6cfcf1d478689898,Zoombies (2016),Action|Horror|Sci-Fi,"['Action', 'Horror']"
53994,53994.jpg,../data/raw/53994.jpg,182,268,JPEG,18f0d15dbf2d03a8d68bfa6846045578,2727331d1d2d6571,Kidnapped (1960),Action|Adventure|Drama,"['Action', 'Adventure', 'Drama']"
5481404,5481404.jpg,../data/raw/5481404.jpg,182,268,JPEG,495ab6fd2c0cca691187272060f07e90,33e0e8d898f0f9f0,Dead Rising: Endgame (2016),Action|Horror|Sci-Fi,"['Action', 'Horror']"
5595168,5595168.jpg,../data/raw/5595168.jpg,182,268,JPEG,b01cfe94bdcd82c8678cea58111b1103,1a113373c040f833,Kingsglaive: Final Fantasy XV (2016),Animation|Action|Adventure,"['Animation', 'Action', 'Adventure']"
56104,56104.jpg,../data/raw/56104.jpg,182,268,JPEG,d80b006cf355e40326dfdf80826aed9a,272f2121431d9a63,Fury of Achilles (1962),Adventure|Drama|Romance,"['Adventure', 'Drama', 'Romance']"
56800,56800.jpg,../data/raw/56800.jpg,182,268,JPEG,daaba1a3077c754724e0133c74b6cf89,4901091313056161,55 Days at Peking (1963),Action|Adventure|Drama,"['Action', 'Adventure', 'Drama']"
5700672,5700672.jpg,../data/raw/5700672.jpg,182,268,JPEG,347f42ae96e14e1fabec8081a4997ad4,7ef6eda9cb8cac30,Busanhaeng (2016),Action|Drama|Horror,"['Action', 'Drama', 'Horror']"
57007,57007.jpg,../data/raw/57007.jpg,182,268,JPEG,6924f78289201a62316a29584cfa4129,3b72733373234921,Donovan's Reef (1963),Adventure|Comedy|Romance,"['Adventure', 'Comedy', 'Romance']"
57546,57546.jpg,../data/raw/57546.jpg,182,268,JPEG,854533651f1ef8a3b68ad3fe6be2801c,fc7cf0f1f0ace935,The Sword in the Stone (1963),Animation|Adventure|Comedy,"['Animation', 'Adventure', 'Comedy']"
57608,57608.jpg,../data/raw/57608.jpg,182,268,JPEG,0cb90db32470493c35745084fa635d7c,0e17a74d49191a8b,Twice-Told Tales (1963),Horror|Mystery|Romance,"['Horror', 'Romance']"
57846,57846.jpg,../data/raw/57846.jpg,182,268,JPEG,b4c7881d5ecbe6129a670e8cbb1b54e4,0fcac4cc64669acc,"AngÌ©lique, marquise des anges (1964)",Adventure|History|Romance,"['Adventure', 'Romance']"
58092,58092.jpg,../data/raw/58092.jpg,182,268,JPEG,370d0f50a2899e941ce2ef574207fd74,132f261317262613,Father Goose (1964),Adventure|Comedy|Romance,"['Adventure', 'Comedy', 'Romance']"
58536,58536.jpg,../data/raw/58536.jpg,182,268,JPEG,5302b5dfd5c1d5b703f804cd04d6e1e1,9c92b917838ed4d6,Rudolph the Red-Nosed Reindeer (1964),Animation|Adventure|Comedy,"['Animation', 'Adventure', 'Comedy']"
5896146,5896146.jpg,../data/raw/5896146.jpg,182,268,JPEG,424fb5dad2e80b8820c5e6fa20212fd9,d995a98eec6e962d,Batman Unlimited: Mechs vs. Mutants (2016),Animation|Action|Sci-Fi,"['Animation', 'Action']"
59122,59122.jpg,../data/raw/59122.jpg,182,268,JPEG,642bbbbb6fa8a56380795568d6d56164,b3b9b1b39839f39b,The Dot and the Line: A Romance in Lower Mathematics (1965),Animation|Short|Comedy,"['Animation', 'Comedy']"
59641,59641.jpg,../data/raw/59641.jpg,182,268,JPEG,3df631109441c6128792f5d405c9e3e7,4576554d195d776d,Red Line 7000 (1965),Action|Drama|Sport,"['Action', 'Drama']"
59673,59673.jpg,../data/raw/59673.jpg,182,268,JPEG,56f16799be2b3ff798d5590590d82169,7b797bccc50ecfe4,Samurai Assassin (1965),Action|Adventure|Drama,"['Action', 'Adventure', 'Drama']"
59956,59956.jpg,../data/raw/59956.jpg,182,268,JPEG,836b21d1996c3273495c3aa8c484c23f,458f2e3d151d0787,Viva Maria! (1965),Adventure|Comedy|Romance,"['Adventure', 'Comedy', 'Romance']"
60177,60177.jpg,../data/raw/60177.jpg,182,268,JPEG,90539579e75a3e10e586543472362d11,637b35470d33933b,The Blue Max (1966),Action|Drama|Romance,"['Action', 'Drama', 'Romance']"
60345,60345.jpg,../data/raw/60345.jpg,182,268,JPEG,b69771cb48f7f2a7b8a978420f55257b,0c3a62249c3733cb,How the Grinch Stole Christmas! (1966),Animation|Comedy|Family,"['Animation', 'Comedy']"
60550,60550.jpg,../data/raw/60550.jpg,182,268,JPEG,fed58b9ce176a0776f7796ffaeecfa87,8c176366a6928ca5,"It's the Great Pumpkin, Charlie Brown (1966)",Animation|Short|Comedy,"['Animation', 'Comedy']"
60661,60661.jpg,../data/raw/60661.jpg,182,268,JPEG,ac3097583617788e15d9bb3546b2de33,48455c5b715c4d76,The Man Called Flintstone (1966),Animation|Action|Adventure,"['Animation', 'Action', 'Adventure']"
60903,60903.jpg,../data/raw/60903.jpg,182,268,JPEG,42298b8df74f3169d96d5e350dc0ba26,2d2c1c7ef2ba8baf,The Return of Ringo (1965),Action|Drama|Romance,"['Action', 'Drama', 'Romance']"
60934,60934.jpg,../data/raw/60934.jpg,182,268,JPEG,040b1d792813f0021b2aff1d5cf48404,416d0f6547431713,The Sand Pebbles (1966),Adventure|Drama|Romance,"['Adventure', 'Drama', 'Romance']"
61199,61199.jpg,../data/raw/61199.jpg,182,268,JPEG,34be88d0fd463d80b2ba3c4a30082b29,8f3b6735602c4e64,Winnie the Pooh and the Honey Tree (1966),Animation|Short|Comedy,"['Animation', 'Comedy']"
61369,61369.jpg,../data/raw/61369.jpg,182,268,JPEG,a192ce14cb230b1371299ee06c6c48b9,e8a3aa868b4b4e5a,Astí©rix le Gaulois (1967),Animation|Action|Adventure,"['Animation', 'Action', 'Adventure']"
61565,61565.jpg,../data/raw/61565.jpg,182,268,JPEG,216355c6325f1cfbb3dca5ae9de701ed,4d5b455123534925,Devil's Angels (1967),Action|Crime|Drama,"['Action', 'Drama']"
61647,61647.jpg,../data/raw/61647.jpg,182,268,JPEG,bd4245bd20cef1a9dc695ece30bed287,597071cc697171e8,Triple Cross (1966),Action|Adventure|Drama,"['Action', 'Adventure', 'Drama']"
63171,63171.jpg,../data/raw/63171.jpg,182,268,JPEG,df6097c3061646bdb006d88c1f0264bd,bcb2ec4ce4ece4e1,The Snow Woman (1968),Horror|Romance,"['Horror', 'Romance']"
63172,63172.jpg,../data/raw/63172.jpg,182,268,JPEG,cd434595973e65b3d1b53fb282ab871c,e8c366c8d82d1965,Destroy All Monsters (1968),Action|Horror|Sci-Fi,"['Action', 'Horror']"
63230,63230.jpg,../data/raw/63230.jpg,182,268,JPEG,37f1ca2388f173f823a2557c73e34db3,173d4d1d0961238e,The Little Drummer Boy (1968),Animation|Short|Drama,"['Animation', 'Drama']"
63668,63668.jpg,../data/raw/63668.jpg,182,268,JPEG,beb1623b9e9573e8ed2a710c6150f628,f0e4ecf4f2f97536,TaiyÌ« no Ì«ji Horusu no daibÌ«ken (1968),Animation|Action|Adventure,"['Animation', 'Action', 'Adventure']"
63819,63819.jpg,../data/raw/63819.jpg,182,268,JPEG,e8d64c894e0134d4f795265c62d2ddd2,8c9b72e3bcc665ec,Winnie the Pooh and the Blustery Day (1968),Animation|Short|Comedy,"['Animation', 'Comedy']"
64064,64064.jpg,../data/raw/64064.jpg,182,268,JPEG,15f12f13fd1cd25ee4e919f1fed0a17a,5683165773430b34,Bambi Meets Godzilla (1974),Animation|Short|Comedy,"['Animation', 'Comedy']"
64349,64349.jpg,../data/raw/64349.jpg,182,268,JPEG,bdb0490d49b5c966bfe0acc30a171629,9fd4d23469de5ece,Frosty the Snowman (1969),Animation|Short|Comedy,"['Animation', 'Comedy']"
64397,64397.jpg,../data/raw/64397.jpg,182,268,JPEG,b00063f04ab9e1855ee1220fbf50ee38,0f2599094b451f1f,The Gypsy Moths (1969),Action|Drama|Romance,"['Action', 'Drama', 'Romance']"
64615,64615.jpg,../data/raw/64615.jpg,182,268,JPEG,00430af627565670c5f344067d5161ab,055907074523335f,Mackenna's Gold (1969),Action|Adventure|Romance,"['Action', 'Adventure', 'Romance']"
64714,64714.jpg,../data/raw/64714.jpg,182,268,JPEG,987d11762d6f04c61b497fd515fcacd7,bb3435824b6565e1,Nagagutsu o haita neko (1969),Animation|Adventure|Comedy,"['Animation', 'Adventure', 'Comedy']"
65215,65215.jpg,../data/raw/65215.jpg,182,268,JPEG,b4a88de0a8af0d8da088299830ef92aa,6e2bd159cda76f07,Winning (1969),Action|Drama|Sport,"['Action', 'Drama']"
65374,65374.jpg,../data/raw/65374.jpg,182,268,JPEG,242489bb9b419ec9816ce67d83301b4c,0d01497131330716,The Adventurers (1970),Action|Adventure|Drama,"['Action', 'Adventure', 'Drama']"
65421,65421.jpg,../data/raw/65421.jpg,182,268,JPEG,3be75a1e3d783c4522b3c962eb6a1414,f3f0e0e8e0a3200c,The AristoCats (1970),Animation|Adventure|Comedy,"['Animation', 'Adventure', 'Comedy']"
65856,65856.jpg,../data/raw/65856.jpg,182,268,JPEG,7dc049974d80af7984826c0e76f8b5cb,f0f0b698cce4f060,House of Dark Shadows (1970),Drama|Horror|Romance,"['Drama', 'Horror', 'Romance']"
66764,66764.jpg,../data/raw/66764.jpg,182,268,JPEG,b1b82ab53327b4d157307ad93cb079e5,014f5b96b6b2b0a4,Anche per Django le carogne hanno un prezzo (1971),Action|Romance|Western,"['Action', 'Romance']"
66817,66817.jpg,../data/raw/66817.jpg,182,268,JPEG,39ccc61bb9063b5b44f25634237da9a3,593d2d2f1d076f37,Bedknobs and Broomsticks (1971),Animation|Adventure|Comedy,"['Animation', 'Adventure', 'Comedy']"
67116,67116.jpg,../data/raw/67116.jpg,182,268,JPEG,82453d6e1417cece5751f8457cf2b30b,c9474f4c36021635,The French Connection (1971),Action|Crime|Drama,"['Action', 'Drama']"
67148,67148.jpg,../data/raw/67148.jpg,182,268,JPEG,af7a5ef0cfb5c4cff307cf818cf44053,27b038559d632186,Gojira tai Hedora (1971),Animation|Action|Adventure,"['Animation', 'Action', 'Adventure']"
67595,67595.jpg,../data/raw/67595.jpg,182,268,JPEG,50db87837096335fef8cbab17708bb2b,608c2b2eb91d1ce8,The Point (1971),Animation|Adventure|Family,"['Animation', 'Adventure']"
67943,67943.jpg,../data/raw/67943.jpg,182,268,JPEG,c2b4c208add19112e4e5ba6bf95cded2,b28e9dbbb63c5416,La veuve Couderc (1971),Drama|Action|Romance,"['Drama', 'Action', 'Romance']"
67972,67972.jpg,../data/raw/67972.jpg,182,268,JPEG,302d36d1c221d82f8f5fcedfc51b624b,b478e0e0c87270cc,Werewolves on Wheels (1971),Action|Horror,"['Action', 'Horror']"
68284,68284.jpg,../data/raw/68284.jpg,182,268,JPEG,4c87e546fc905dc566066df5d73e0da1,517d256511393945,Blacula (1972),Fantasy|Horror|Romance,"['Horror', 'Romance']"
68615,68615.jpg,../data/raw/68615.jpg,182,268,JPEG,a9212ac92e90575a08e27cd237cbeae5,556959714d4f7360,Frogs (1972),Horror|Mystery|Romance,"['Horror', 'Romance']"
68767,68767.jpg,../data/raw/68767.jpg,182,268,JPEG,a85af325ff9246ad556d6691b82df8f2,657d78c864359a05,The Chinese Connection (1972),Action|Drama|Romance,"['Action', 'Drama', 'Romance']"
69058,69058.jpg,../data/raw/69058.jpg,182,268,JPEG,684ed0179d9d9d8a5254c2bcf9acd824,9c574f362169c2f0,Panda! Go Panda! (1972),Animation|Short|Comedy,"['Animation', 'Comedy']"
69113,69113.jpg,../data/raw/69113.jpg,182,268,JPEG,bf3dcc37e4f8f0513be34f171b3c3cc4,a2ccf8e6d6ccf862,The Poseidon Adventure (1972),Action|Adventure|Drama,"['Action', 'Adventure', 'Drama']"
69273,69273.jpg,../data/raw/69273.jpg,182,268,JPEG,2fc6a6760fb9b1546f9b3e7ed6cec26f,1f133327230b3333,Sitting Target (1972),Action|Crime|Drama,"['Action', 'Drama']"
69909,69909.jpg,../data/raw/69909.jpg,182,268,JPEG,d99e596e6e34b656ba81e767019fe0dd,47093c2a7c3959d5,Un comisar acuzÌ£ (1974),Action|Crime|Drama,"['Action', 'Drama']"
69966,69966.jpg,../data/raw/69966.jpg,182,268,JPEG,2d74a7897c2d72e3f68bb4c5c313b10b,2b17960b3323252f,Detroit 9000 (1973),Crime|Drama|Action,"['Drama', 'Action']"
70083,70083.jpg,../data/raw/70083.jpg,182,268,JPEG,17d262da7438966a634e5108c7974a70,5b2b63251bd74e71,The Outside Man (1972),Action|Crime|Drama,"['Action', 'Drama']"
70244,70244.jpg,../data/raw/70244.jpg,182,268,JPEG,c1278c93eaa693102e323c09e6344a9c,8e9c64c4d83b3c7a,Proxy War (1973),Action|Drama,"['Action', 'Drama']"
70245,70245.jpg,../data/raw/70245.jpg,182,268,JPEG,a1dfa14cd717c3862070e8e4e39e2dd6,cccea4b4981bdcc8,Hiroshima Death Match (1973),Action|Crime|Drama,"['Action', 'Drama']"
70297,70297.jpg,../data/raw/70297.jpg,182,268,JPEG,7a1a41712868d7c57e5c734a8419a231,17821a8e9a9a16da,The Legend of the 7 Golden Vampires (1974),Action|Horror,"['Action', 'Horror']"
71198,71198.jpg,../data/raw/71198.jpg,182,268,JPEG,3309dc693bca0a752c88b79c21c9756d,455b594d784d5909,The Bat People (1974),Horror|Romance,"['Horror', 'Romance']"
71206,71206.jpg,../data/raw/71206.jpg,182,268,JPEG,d8f45be916a6d35b603a032f7526e815,c321270767674fe2,Benji (1974),Adventure|Family|Romance,"['Adventure', 'Romance']"
71361,71361.jpg,../data/raw/71361.jpg,182,268,JPEG,7ec8ab1ffcbca1ebb4a2436348bc2ba7,51296d69574b6b75,Coonskin (1975),Animation|Action|Comedy,"['Animation', 'Action', 'Comedy']"
71696,71696.jpg,../data/raw/71696.jpg,182,268,JPEG,f61e195233c4a63e104361375aff7eed,66323c8cea33b2e3,Police Tactics (1974),Action|Crime|Drama,"['Action', 'Drama']"
72225,72225.jpg,../data/raw/72225.jpg,182,268,JPEG,641dea1522e83555ba4be2338399fdbd,0727074d736f0b49,Sugar Hill (1974),Action|Crime|Horror,"['Action', 'Horror']"
72285,72285.jpg,../data/raw/72285.jpg,182,268,JPEG,43276ca356aaf7a4b363cd3025ea9cf9,333f7b37334dad13,Thriller: A Cruel Picture (1973),Action|Horror|Thriller,"['Action', 'Horror']"
72355,72355.jpg,../data/raw/72355.jpg,182,268,JPEG,2b4f397c2c977446c914612f178652ed,6767575dc9603963,Vase de noces (1974),Horror|Romance,"['Horror', 'Romance']"
72424,72424.jpg,../data/raw/72424.jpg,182,268,JPEG,2b26d0315167ef5140d09c2e0dc2bb34,71961f309c1d3931,The Year Without a Santa Claus (1974),Animation|Comedy|Family,"['Animation', 'Comedy']"
72852,72852.jpg,../data/raw/72852.jpg,182,268,JPEG,9fdcd6b5244dec0ed91b3fb107646867,4145454359197d25,The Deadly Tower (1975),Thriller|Action|Drama,"['Action', 'Drama']"
73333,73333.jpg,../data/raw/73333.jpg,182,268,JPEG,3276add670b03add2b49e4ff8513c20e,4c4a4d2d15536459,Mafia Junction (1973),Action|Crime|Drama,"['Action', 'Drama']"
73600,73600.jpg,../data/raw/73600.jpg,182,268,JPEG,79fc0160f253affaf3855bee06529f39,6171558a96aea469,Race with the Devil (1975),Action|Horror|Thriller,"['Action', 'Horror']"
74454,74454.jpg,../data/raw/74454.jpg,182,268,JPEG,a57833f4539a0d69cf54ad717674028a,3002424c0fe93312,Eat My Dust (1976),Action|Comedy|Romance,"['Action', 'Comedy', 'Romance']"
74836,74836.jpg,../data/raw/74836.jpg,182,268,JPEG,45b86308e75e2487c79ae9265b4bde08,e061298e8a968e92,Mad Dog Morgan (1976),Action|Crime|Drama,"['Action', 'Drama']"
758730,758730.jpg,../data/raw/758730.jpg,182,268,JPEG,e472ca48aabd86e82e09af6b2c1fdc49,e0e0c0d82800f8d2,Aliens vs. Predator: Requiem (2007),Action|Horror|Sci-Fi,"['Action', 'Horror']"
758774,758774.jpg,../data/raw/758774.jpg,182,268,JPEG,9afa35ae3cd8b9b0bddd39e8d30f3de7,9ecee7b7b38ddcc8,Body of Lies (2008),Action|Drama|Romance,"['Action', 'Drama', 'Romance']"
76119,76119.jpg,../data/raw/76119.jpg,182,268,JPEG,08ab454151e931d5d3ec859506215bd4,e83caecd8e131303,Gulliver's Travels (1977),Animation|Adventure|Comedy,"['Animation', 'Adventure', 'Comedy']"
76164,76164.jpg,../data/raw/76164.jpg,182,268,JPEG,b9a56751e5e8d6816dcbaeb8dc567c87,0a45232b31454551,Goliathon (1977),Action|Adventure|Horror,"['Action', 'Adventure', 'Horror']"
762125,762125.jpg,../data/raw/762125.jpg,182,268,JPEG,83592ce283b185c2b07bbe6c4ad9c5bd,6daea5252d99c1b2,Planet 51 (2009),Animation|Adventure|Comedy,"['Animation', 'Adventure', 'Comedy']"
76363,76363.jpg,../data/raw/76363.jpg,182,268,JPEG,3fe01586a7539fcc1bbdfd953e7b3fcb,77375b17331e3835,The Many Adventures of Winnie the Pooh (1977),Animation|Comedy|Family,"['Animation', 'Comedy']"
76398,76398.jpg,../data/raw/76398.jpg,182,268,JPEG,a6b0b6be363cbeb1f4b2d1ee8e8a1640,0d592f31319f4761,Mivtsa Yonatan (1977),Action|Drama|History,"['Action', 'Drama']"
76538,76538.jpg,../data/raw/76538.jpg,182,268,JPEG,2d5746225541164218c5c5a855df7ee5,41993a636d290769,Pete's Dragon (1977),Animation|Adventure|Comedy,"['Animation', 'Adventure', 'Comedy']"
765446,765446.jpg,../data/raw/765446.jpg,182,268,JPEG,b61d753216edc46d14f1ff911646bbd6,eade96a4148a8cf0,Escape from Planet Earth (2013),Animation|Adventure|Comedy,"['Animation', 'Adventure', 'Comedy']"
76591,76591.jpg,../data/raw/76591.jpg,182,268,JPEG,f040aac206931f638d7bf4b0da77988c,0f8e713155948ecd,"Race for Your Life, Charlie Brown (1977)",Animation|Adventure|Family,"['Animation', 'Adventure']"
77132,77132.jpg,../data/raw/77132.jpg,182,268,JPEG,5ab2a3ef5633acc9bbbf4ddaa9199134,27f0f0c161f1c1c1,Empire of Passion (1978),Drama|Horror|Romance,"['Drama', 'Horror', 'Romance']"
77204,77204.jpg,../data/raw/77204.jpg,182,268,JPEG,bc372660693ef3287963a08f02e426c7,217147d07078ec64,Lucky Luke: Ballad of the Daltons (1978),Animation|Comedy|Family,"['Animation', 'Comedy']"
775440,775440.jpg,../data/raw/775440.jpg,182,268,JPEG,b0b021f11253646d1870bcd38696595c,b4743437676370f0,Cell (2016),Action|Drama|Horror,"['Action', 'Drama', 'Horror']"
775489,775489.jpg,../data/raw/775489.jpg,182,268,JPEG,fd424e7c87bece8396a2f3ff61854478,71f0f0b0b1f0d8d0,L'illusionniste (2010),Animation|Drama,"['Animation', 'Drama']"
775552,775552.jpg,../data/raw/775552.jpg,182,268,JPEG,44993743546e43664d31b460049d8ddb,e0a4853b9233170f,Aliens in the Attic (2009),Animation|Adventure|Comedy,"['Animation', 'Adventure', 'Comedy']"
77617,77617.jpg,../data/raw/77617.jpg,182,268,JPEG,e9d44592fd1b961e99aa70ddfd2e97f3,5571790d0b2f2323,Go Tell the Spartans (1978),Action|Drama|War,"['Action', 'Drama']"
77630,77630.jpg,../data/raw/77630.jpg,182,268,JPEG,f0c2f77e762f612c323ac227d231ec09,672f7b4a539bdcd7,Grayeagle (1977),Adventure|Drama|Romance,"['Adventure', 'Drama', 'Romance']"
780503,780503.jpg,../data/raw/780503.jpg,182,268,JPEG,e6ffb7fa7ceab41f421dbc12e8724d06,48281d075ea6e833,Dororo (2007),Action|Fantasy|Horror,"['Action', 'Horror']"
780521,780521.jpg,../data/raw/780521.jpg,182,268,JPEG,61efc67689ca70b03926b4009c3f8e73,f0f0f8c87878f070,The Princess and the Frog (2009),Animation|Adventure|Comedy,"['Animation', 'Adventure', 'Comedy']"
780583,780583.jpg,../data/raw/780583.jpg,182,268,JPEG,5b0ffa81134b14e26a0a4f30cdd7556c,4988c8b2a3737b29,Flight of the Living Dead (2007),Action|Horror|Sci-Fi,"['Action', 'Horror']"
78062,78062.jpg,../data/raw/78062.jpg,182,268,JPEG,3f88d9412906df17263797f069ab5485,0370f0b2c8708aca,The Clonus Horror (1979),Horror|Romance|Sci-Fi,"['Horror', 'Romance']"
780645,780645.jpg,../data/raw/780645.jpg,182,268,JPEG,2cedba17b51c7658d51cb2b16e5159ba,8392a191ce98a38c,War of the Dead (2011),Action|Adventure|Horror,"['Action', 'Adventure', 'Horror']"
78187,78187.jpg,../data/raw/78187.jpg,182,268,JPEG,c6f07ea9dda9ca360259bcec94bb2c6c,79d8d89c949cdcc4,Rupan sansei (1978),Animation|Action|Adventure,"['Animation', 'Action', 'Adventure']"
782154,782154.jpg,../data/raw/782154.jpg,182,268,JPEG,d4f71db26cb7aec4a0381cfe136adbef,a6d29c9ce94a30f0,DÌ_ng mÌÁu anh hÌ_ng (2007),Action|Drama|Romance,"['Action', 'Drama', 'Romance']"
784145,784145.jpg,../data/raw/784145.jpg,182,268,JPEG,8ce55f818d49341ef8cad18219af5235,c0f361e0b69a179f,Kaze wo mita shÌ«nen (2000),Animation|Adventure|Drama,"['Animation', 'Adventure', 'Drama']"
78480,78480.jpg,../data/raw/78480.jpg,182,268,JPEG,0438c963c323b9949af1fe282505f380,e0303c2f87c7e0d4,Watership Down (1978),Animation|Adventure|Drama,"['Animation', 'Adventure', 'Drama']"
78492,78492.jpg,../data/raw/78492.jpg,182,268,JPEG,58fafc3775666ef9802588f12acf5826,ba8e96170b76168e,The Wild Geese (1978),Action|Adventure|Drama,"['Action', 'Adventure', 'Drama']"
787474,787474.jpg,../data/raw/787474.jpg,182,268,JPEG,1be8ebf39ee7894dbb9b27f047ad8a96,cc84c4b894d8f0f0,The Boxtrolls (2014),Animation|Adventure|Comedy,"['Animation', 'Adventure', 'Comedy']"
787505,787505.jpg,../data/raw/787505.jpg,182,268,JPEG,94deb85dc5e9cf58e0ac03303ba65c19,6c4c292b39b12949,Rest Stop (2006),Horror|Romance|Thriller,"['Horror', 'Romance']"
78915,78915.jpg,../data/raw/78915.jpg,182,268,JPEG,47a5646515462043f09ceb1723eae033,94d4333ce97b0fcd,The Bugs Bunny/Road-Runner Movie (1979),Animation|Family|Music,['Animation']
79073,79073.jpg,../data/raw/79073.jpg,182,268,JPEG,2ec6272f3401b8b7f7f367e29622a037,6172e2c9914fd839,Dracula (1979),Horror|Romance,"['Horror', 'Romance']"
790799,790799.jpg,../data/raw/790799.jpg,182,268,JPEG,21e3f3dc04c1d57a635774088e6aa113,b276cccc9a1bdafc,$9.99 (2008),Animation|Drama|Fantasy,"['Animation', 'Drama']"
791201,791201.jpg,../data/raw/791201.jpg,182,268,JPEG,1244ea75d1c349049f30e8dd419604cf,b827e48ed6f29636,VeggieTales: Lord of the Beans (2005),Animation|Adventure|Family,"['Animation', 'Adventure']"
79152,79152.jpg,../data/raw/79152.jpg,182,268,JPEG,5278baf682fef2fa1a6b20ffc009002d,ea3931b3ba295ac9,The Fifth Musketeer (1979),Action|Adventure|Romance,"['Action', 'Adventure', 'Romance']"
792986,792986.jpg,../data/raw/792986.jpg,182,268,JPEG,0054bbe55138cec1c131c8f16d4c0990,b4dad9a8e254d4e0,Fear(s) of the Dark (2007),Animation|Horror|Mystery,"['Animation', 'Horror']"
79429,79429.jpg,../data/raw/79429.jpg,182,268,JPEG,59816c33f867032843c1db1a406010cc,e88e92968787aaa4,The Lady in Red (1979),Action|Drama|Romance,"['Action', 'Drama', 'Romance']"
79488,79488.jpg,../data/raw/79488.jpg,182,268,JPEG,8d1a889443ead57828d2fbabdba72a58,071f8c861b3b3536,Love and Bullets (1979),Action|Crime|Drama,"['Action', 'Drama']"
79489,79489.jpg,../data/raw/79489.jpg,182,268,JPEG,77df7e1cfd88703730a808829e42fad7,1416b3160e0a330f,Love at First Bite (1979),Comedy|Horror|Romance,"['Comedy', 'Horror', 'Romance']"
79820,79820.jpg,../data/raw/79820.jpg,182,268,JPEG,df21d1db1073ad66875e9b0a7af456da,214f0f994b797161,The King and the Mockingbird (1980),Animation|Family|Fantasy,['Animation']
79986,79986.jpg,../data/raw/79986.jpg,182,268,JPEG,b438532ca389284312a9b3c7408724ca,161d0ca623d2e0e0,Skazka skazok (1979),Animation|Short,['Animation']
800069,800069.jpg,../data/raw/800069.jpg,182,268,JPEG,4371cf162b0dfbbc8c15383c8f5b141e,d0d4d0d8cceca098,The Hills Have Eyes II (2007),Action|Horror|Thriller,"['Action', 'Horror']"
800226,800226.jpg,../data/raw/800226.jpg,182,268,JPEG,9b886af312f59031a97adb850211a198,f0044a62dab2b6f8,Superman: Brainiac Attacks (2006),Animation|Action|Sci-Fi,"['Animation', 'Action']"
803038,803038.jpg,../data/raw/803038.jpg,182,268,JPEG,11051ed01ed2cb1276d32daba6b327f2,b473956333f93c23,Mei to Koneko basu (2002),Animation|Short|Comedy,"['Animation', 'Comedy']"
80453,80453.jpg,../data/raw/80453.jpg,182,268,JPEG,ed96f444c9df43cc4ff6adca0fb16010,92a3e0dc8ce4d809,The Blue Lagoon (1980),Adventure|Drama|Romance,"['Adventure', 'Drama', 'Romance']"
80629,80629.jpg,../data/raw/80629.jpg,182,268,JPEG,01d92f940deae4ef43a044764e8cecf6,a0fce8a289859490,Dinosaurs! (1987),Animation|Short|Adventure,"['Animation', 'Adventure']"
807840,807840.jpg,../data/raw/807840.jpg,182,268,JPEG,d827cd7cab839bacde684dc300bd0b7f,75f8b6c6cea7ced8,Elephants Dream (2006),Animation|Short|Sci-Fi,['Animation']
808417,808417.jpg,../data/raw/808417.jpg,182,268,JPEG,b13d06e34354444eb854da6778a81d53,f0d4f4bccccea6ac,Persepolis (2007),Animation|Biography|Drama,"['Animation', 'Drama']"
808506,808506.jpg,../data/raw/808506.jpg,182,268,JPEG,bf8b812725371a571fcf7c607a3792da,fb7c6d36e65f3f2e,Toki o kakeru shÌ«jo (2006),Animation|Adventure|Comedy,"['Animation', 'Adventure', 'Comedy']"
809927,809927.jpg,../data/raw/809927.jpg,182,268,JPEG,a6201791d1fe0ea6ef3c76b0e8c92c50,ba9bd91134260e34,Karas: The Prophecy (2005),Animation|Action|Adventure,"['Animation', 'Action', 'Adventure']"
81455,81455.jpg,../data/raw/81455.jpg,182,268,JPEG,afe1dad84674f503bddb11aab169b4d6,e072b16d6dcac6cc,Scanners (1981),Action|Horror|Sci-Fi,"['Action', 'Horror']"
815890,815890.jpg,../data/raw/815890.jpg,182,268,JPEG,e8cf33f38a1efa956b189b6c804e2be7,f8be73312ee5f36c,Khan kluay (2006),Animation|Adventure|Family,"['Animation', 'Adventure']"
816436,816436.jpg,../data/raw/816436.jpg,182,268,JPEG,fa77c450d62ac9f650abe93a16332abe,f8ecf4e8c8e871f0,Black Water (2007),Action|Drama|Horror,"['Action', 'Drama', 'Horror']"
816539,816539.jpg,../data/raw/816539.jpg,182,268,JPEG,b18356fd95abc02d1f2ae217715807b2,f070e8c860b09c96,Jack Brooks: Monster Slayer (2007),Action|Comedy|Horror,"['Action', 'Comedy', 'Horror']"
816562,816562.jpg,../data/raw/816562.jpg,182,268,JPEG,8d6eaf3e1b42ce814a8e3ccd94267614,67c6c3c6c6c2f2f3,The Little Matchgirl (2006),Animation|Short|Drama,"['Animation', 'Drama']"
816671,816671.jpg,../data/raw/816671.jpg,182,268,JPEG,5c15f58332d9ad883e08fd74bef4b776,666eae8e1a9baa88,Teen Titans: Trouble in Tokyo (2006),Animation|Action|Comedy,"['Animation', 'Action', 'Comedy']"
816711,816711.jpg,../data/raw/816711.jpg,182,268,JPEG,c4789036edf76ffd651bcc39a7b5e964,ec8c3f2d3639f4f2,World War Z (2013),Action|Adventure|Horror,"['Action', 'Adventure', 'Horror']"
82009,82009.jpg,../data/raw/82009.jpg,182,268,JPEG,1e768518980d29de5648112642bb6901,f496f8f4e8f9f0f2,American Pop (1981),Animation|Drama|Music,"['Animation', 'Drama']"
822847,822847.jpg,../data/raw/822847.jpg,182,268,JPEG,42bf5f2a86e7d89695e4531664def2a0,32b0e867e280885c,Priest (2011),Action|Fantasy|Horror,"['Action', 'Horror']"
82357,82357.jpg,../data/raw/82357.jpg,182,268,JPEG,c43e818f792b29b4d64c7f1e7f4520ff,4c060f0313939c3c,ZÌÁnik domu UsherÌ¼ (1982),Animation|Short|Horror,"['Animation', 'Horror']"
823671,823671.jpg,../data/raw/823671.jpg,182,268,JPEG,36c0074ffa0936c64eaad66596977744,e4c9e6f4d0d0f873,Tinker Bell (2008),Animation|Adventure|Family,"['Animation', 'Adventure']"
82406,82406.jpg,../data/raw/82406.jpg,182,268,JPEG,c6cac7cf86ddcf2d9d6454d980315ff0,7169ccd0cc88180f,The Fox and the Hound (1981),Animation|Adventure|Drama,"['Animation', 'Adventure', 'Drama']"
82476,82476.jpg,../data/raw/82476.jpg,182,268,JPEG,1ced35f453ff9e83930774c6cefcd24a,0f153a5ad95351a1,Green Ice (1981),Adventure|Romance,"['Adventure', 'Romance']"
82509,82509.jpg,../data/raw/82509.jpg,182,268,JPEG,bbc1ef50146539dde37e31e6ebf035e5,f9d674699d93068c,Heavy Metal (1981),Animation|Adventure|Fantasy,"['Animation', 'Adventure']"
825245,825245.jpg,../data/raw/825245.jpg,182,268,JPEG,a8026761472d6631d73503917d19ddcd,9c83c74e8e2e2c8e,Dragonlance: Dragons of Autumn Twilight (2008),Animation|Action|Adventure,"['Animation', 'Action', 'Adventure']"
82559,82559.jpg,../data/raw/82559.jpg,182,268,JPEG,08c4f24078be41c5fd6f9a9e66b77dfc,e2b4b437961771c1,Hell of the Living Dead (1980),Action|Comedy|Horror,"['Action', 'Comedy', 'Horror']"
82699,82699.jpg,../data/raw/82699.jpg,182,268,JPEG,bb07ebd0a5a066cbd339d1b9263d5d93,86864c8f8ec61737,Samurai Reincarnation (1981),Action|Fantasy|Horror,"['Action', 'Horror']"
827425,827425.jpg,../data/raw/827425.jpg,182,268,JPEG,af82778148ce49cde738578b48b44f4e,9f5eddfc4d8ccc86,Revolt in the Fifth Dimension,Animation|Adventure|Family,"['Animation', 'Adventure']"
827737,827737.jpg,../data/raw/827737.jpg,182,268,JPEG,13bacc03611e7082295250ae8f26600d,349ccf92da136392,Rupan Sansei: Episode 0 - Faasuto kontakuto (2002),Animation|Action|Comedy,"['Animation', 'Action', 'Comedy']"
82892,82892.jpg,../data/raw/82892.jpg,182,268,JPEG,fd0334e3bc5e3c72b8f1ce387585cefe,7022468ee6e4d318,Peter-No-Tail (1981),Animation|Comedy|Drama,"['Animation', 'Comedy', 'Drama']"
829176,829176.jpg,../data/raw/829176.jpg,182,268,JPEG,d85a23851d1781c0429c1acd70fccef7,e8a4420b24848c90,Gallowwalkers (2012),Action|Fantasy|Horror,"['Action', 'Horror']"
831888,831888.jpg,../data/raw/831888.jpg,182,268,JPEG,3ecf8c39d9a5c09bb15e4bff2c7e2240,79e2d298a4919a99,Tekkonkinkreet (2006),Animation|Action|Adventure,"['Animation', 'Action', 'Adventure']"
83352,83352.jpg,../data/raw/83352.jpg,182,268,JPEG,8952957ea68a3cebe7e3bb9f3840a3e2,88d64dd9e94e0e1e,Yong zhe wu ju (1981),Action|Comedy|Horror,"['Action', 'Comedy', 'Horror']"
83701,83701.jpg,../data/raw/83701.jpg,182,268,JPEG,5c3c51983696f6e7ce087f821c5531f1,e04b55b133695d17,Bugs Bunny's 3rd Movie: 1001 Rabbit Tales (1982),Animation|Adventure|Comedy,"['Animation', 'Adventure', 'Comedy']"
837137,837137.jpg,../data/raw/837137.jpg,182,268,JPEG,bd4a92a244b8738bc899b8e0af68916f,74c9882474188c6e,VeggieTales: Larry-Boy and the Bad Apple (2006),Animation|Action|Adventure,"['Animation', 'Action', 'Adventure']"
837562,837562.jpg,../data/raw/837562.jpg,182,268,JPEG,e6e7326779bc1f9f3bdbf0b3874f3723,97ccf4d50f0f8cf0,Hotel Transylvania (2012),Animation|Comedy|Family,"['Animation', 'Comedy']"
83944,83944.jpg,../data/raw/83944.jpg,182,268,JPEG,444b2c4bf77add0e86830bb4fcf7ac40,6c899c9692c8f0f0,First Blood (1982),Action|Adventure|Drama,"['Action', 'Adventure', 'Drama']"
84070,84070.jpg,../data/raw/84070.jpg,182,268,JPEG,46a7a03da7bcabc05f4f157415c92e01,41e1fb7e9cc40303,Hey Good Lookin' (1982),Animation|Comedy|Drama,"['Animation', 'Comedy', 'Drama']"
84157,84157.jpg,../data/raw/84157.jpg,182,268,JPEG,15c7962e040432d8b3b8f9f09b5812dd,65d891333338d6c4,Ivanhoe (1982),Adventure|Drama|Romance,"['Adventure', 'Drama', 'Romance']"
84237,84237.jpg,../data/raw/84237.jpg,182,268,JPEG,2c51e35b8e95dd62de895eeff49edf2d,5479f17370cc5371,The Last Unicorn (1982),Animation|Adventure|Drama,"['Animation', 'Adventure', 'Drama']"
843358,843358.jpg,../data/raw/843358.jpg,182,268,JPEG,74ed150311bcc042bb6fa3c691a310bd,2b4b6a695b776c0e,My Dog Tulip (2009),Animation|Drama,"['Animation', 'Drama']"
84362,84362.jpg,../data/raw/84362.jpg,182,268,JPEG,a17e47f6ec921ae11178e78b85ddf196,63431a98d8b4e1e1,Moznosti dialogu (1983),Animation|Short|Comedy,"['Animation', 'Comedy']"
844471,844471.jpg,../data/raw/844471.jpg,182,268,JPEG,48e33147239a6cf73aea4876db17df75,460d2526929414f0,Cloudy with a Chance of Meatballs (2009),Animation|Comedy|Family,"['Animation', 'Comedy']"
844993,844993.jpg,../data/raw/844993.jpg,182,268,JPEG,c2cb6d12d1a41f3088baec7fcc25e52c,b2c9c332333ba705,Hoodwinked Too! Hood vs. Evil (2011),Animation|Action|Comedy,"['Animation', 'Action', 'Comedy']"
84503,84503.jpg,../data/raw/84503.jpg,182,268,JPEG,13c370e085d1d10c87b128812da62e94,478f270763a70ccc,Pink Floyd: The Wall (1982),Animation|Drama|Fantasy,"['Animation', 'Drama']"
84573,84573.jpg,../data/raw/84573.jpg,182,268,JPEG,3a7031406db06db0789db08c5de0899b,f9adaecedaa350dc,Raw Force (1982),Adventure|Horror|Action,"['Adventure', 'Horror', 'Action']"
84586,84586.jpg,../data/raw/84586.jpg,182,268,JPEG,aadc4b5d0255bfbf148eb19a29e86e62,d151dc9e69d41051,Ren pi deng long (1982),Horror|Action,"['Horror', 'Action']"
84637,84637.jpg,../data/raw/84637.jpg,182,268,JPEG,b99e51e085ac9525e102519f82f27cc0,b496cb8d88b2b21b,The Scarlet Pimpernel (1982),Action|Drama|Romance,"['Action', 'Drama', 'Romance']"
84649,84649.jpg,../data/raw/84649.jpg,182,268,JPEG,d0d9b15b1bcf7a7d2fbe7f363adf8bdf,69654c5969193725,The Secret of NIMH (1982),Animation|Adventure|Drama,"['Animation', 'Adventure', 'Drama']"
84684,84684.jpg,../data/raw/84684.jpg,182,268,JPEG,4e2aea5982d78fea35b225a15e142d78,51494949614b134b,Silent Rage (1982),Action|Horror|Sci-Fi,"['Action', 'Horror']"
848537,848537.jpg,../data/raw/848537.jpg,182,268,JPEG,31a6a60c2e6240530cbd3c2f3667819d,208a0326e6cac178,Epic (2013),Animation|Adventure|Family,"['Animation', 'Adventure']"
84881,84881.jpg,../data/raw/84881.jpg,182,268,JPEG,7d1990092b305d22c76f5d6338d40eb6,8c84c76f4b1e9486,Arcadia of My Youth (1982),Animation|Action|Adventure,"['Animation', 'Action', 'Adventure']"
850677,850677.jpg,../data/raw/850677.jpg,182,268,JPEG,e4f696cd1edf1913eabf27326dfa76ae,bcf4c9b9c382b696,Jack & Diane (2012),Drama|Horror|Romance,"['Drama', 'Horror', 'Romance']"
85125,85125.jpg,../data/raw/85125.jpg,182,268,JPEG,f3460d034538a6e428dc01c341cc73bb,33ececec9ad8d0da,2019: After the Fall of New York (1983),Action|Horror|Sci-Fi,"['Action', 'Horror']"
851578,851578.jpg,../data/raw/851578.jpg,182,268,JPEG,cbe1481fbbc7446803c1de82f335916c,e8b23b2ac8c88b29,Paprika (2006),Animation|Adventure|Crime,"['Animation', 'Adventure']"
85218,85218.jpg,../data/raw/85218.jpg,182,268,JPEG,212f85f593c74c64de42149cb551a89e,cc8ec334e4c8e0b1,Hadashi no Gen (1983),Animation|Biography|Drama,"['Animation', 'Drama']"
85276,85276.jpg,../data/raw/85276.jpg,182,268,JPEG,5f8f731dde9c66db078098ae8d5424f7,674959435c5d4149,Breathless (1983),Action|Drama|Romance,"['Action', 'Drama', 'Romance']"
85390,85390.jpg,../data/raw/85390.jpg,182,268,JPEG,c67e18efab4961627b000c518c4aeafb,a8aad8c084eaf69e,Daffy Duck's Movie: Fantastic Island (1983),Family|Animation|Comedy,"['Animation', 'Comedy']"
857376,857376.jpg,../data/raw/857376.jpg,182,268,JPEG,56f855f5ea694569b60ac41b04b61769,f0a02030b85cd0e2,Gabriel (2007),Action|Fantasy|Horror,"['Action', 'Horror']"
858486,858486.jpg,../data/raw/858486.jpg,182,268,JPEG,3a49d5176915375a642a94a68446232a,c8b8f0c8d8cc70f0,Battle for Terra (2007),Animation|Action|Adventure,"['Animation', 'Action', 'Adventure']"
85900,85900.jpg,../data/raw/85900.jpg,182,268,JPEG,02cb8d0953b40d211f489a3be4e6260c,c292b333f2c9e0a9,Le marginal (1983),Action|Crime|Drama,"['Action', 'Drama']"
859601,859601.jpg,../data/raw/859601.jpg,182,268,JPEG,216516174eda2f945a2d9ef0a161422b,99d891bc989281b5,Curse of the Wolf (2006),Action|Comedy|Horror,"['Action', 'Comedy', 'Horror']"
86148,86148.jpg,../data/raw/86148.jpg,182,268,JPEG,c182ebd2a4a0590651b665bcd04449ab,a4976c0c9b88e969,The Professional: Golgo 13 (1983),Animation|Action|Crime,"['Animation', 'Action']"
864835,864835.jpg,../data/raw/864835.jpg,182,268,JPEG,e76374d37c771b8222f17ae06be67c22,bae0d0b8f8f4e8d8,Mr. Peabody & Sherman (2014),Animation|Adventure|Comedy,"['Animation', 'Adventure', 'Comedy']"
86489,86489.jpg,../data/raw/86489.jpg,182,268,JPEG,195dbb758fb7704e136e6bdf7d05c973,dc6666696960b299,Twice Upon a Time (1983),Animation|Action|Adventure,"['Animation', 'Action', 'Adventure']"
86590,86590.jpg,../data/raw/86590.jpg,182,268,JPEG,8feb09001ceb0641016bf1e42c107ed7,a28aae8c2e8b9313,The Wind in the Willows (1983),Animation|Adventure|Family,"['Animation', 'Adventure']"
86798,86798.jpg,../data/raw/86798.jpg,182,268,JPEG,c6382b9f9a3fdf0184f3466a411782f9,d01593db94b09212,Shaka Zulu,Action|Biography|Drama,"['Action', 'Drama']"
87175,87175.jpg,../data/raw/87175.jpg,182,268,JPEG,93985aff9fb0598d1088b8c01392e4a8,4b4929714d4d6571,Dreamscape (1984),Action|Adventure|Horror,"['Action', 'Adventure', 'Horror']"
87258,87258.jpg,../data/raw/87258.jpg,182,268,JPEG,963f631fab109cf51065a62e37607e7b,3f7070e1c4aaaa88,Final Justice (1985),Action|Crime|Drama,"['Action', 'Drama']"
87262,87262.jpg,../data/raw/87262.jpg,182,268,JPEG,311787e04f2de9f2b31d0241d7533358,d6ccb0c996d296f0,Firestarter (1984),Action|Horror|Sci-Fi,"['Action', 'Horror']"
87344,87344.jpg,../data/raw/87344.jpg,182,268,JPEG,c62cfc6a33bdcd92a53532ca8903a3bd,cccc8e69d1d0b0f0,Godzilla 1985 (1984),Action|Horror|Sci-Fi,"['Action', 'Horror']"
873886,873886.jpg,../data/raw/873886.jpg,182,268,JPEG,e418c6b68297948c4cd28bd190b895f6,6389c9c74b23d3e7,Red State (2011),Action|Crime|Horror,"['Action', 'Horror']"
875155,875155.jpg,../data/raw/875155.jpg,182,268,JPEG,d00415fed0bee4aca30694bdaa576bc5,32746c27d1d1a4a6,Kaze no tairiku (1992),Animation|Adventure|Fantasy,"['Animation', 'Adventure']"
87538,87538.jpg,../data/raw/87538.jpg,182,268,JPEG,12ff1b004cbd394d2315822a5ca6e42f,72f070e84e4fd4f0,The Karate Kid (1984),Action|Drama|Family,"['Action', 'Drama']"
875609,875609.jpg,../data/raw/875609.jpg,182,268,JPEG,148a7b6c9bda34fbcdef5e53c1c936fc,9688791d98e2d2c2,PokÌ©mon: Lucario and the Mystery of Mew (2005),Animation|Action|Adventure,"['Animation', 'Action', 'Adventure']"
876563,876563.jpg,../data/raw/876563.jpg,182,268,JPEG,aea92872696a178e72c223b46e607a7e,093254b03333dcd8,Ponyo (2008),Animation|Adventure|Comedy,"['Animation', 'Adventure', 'Comedy']"
87690,87690.jpg,../data/raw/87690.jpg,182,268,JPEG,e695b37fafa620fc16f6e4f00fb37b2a,90cceccd9fb4ee9e,The Master,Adventure|Drama|Action,"['Adventure', 'Drama', 'Action']"
87805,87805.jpg,../data/raw/87805.jpg,182,268,JPEG,dd75de65ec6fe5ad7ffc0a83af240dd9,7969c028392f5dd4,Ninja III: The Domination (1984),Action|Fantasy|Horror,"['Action', 'Horror']"
88044,88044.jpg,../data/raw/88044.jpg,182,268,JPEG,66f8b9936e80d863f306fb5e8e207ce2,7173547163613355,Savage Streets (1984),Action|Crime|Drama,"['Action', 'Drama']"
88334,88334.jpg,../data/raw/88334.jpg,182,268,JPEG,a8abea083b46de2531199770e4f4b132,b0bcd3d185c4f174,Urusei Yatsura 2: Beautiful Dreamer (1984),Animation|Adventure|Comedy,"['Animation', 'Adventure', 'Comedy']"
884726,884726.jpg,../data/raw/884726.jpg,182,268,JPEG,6ea19a4550a0f254d59aa2a94c69839c,cb5e42c6362bd9b0,Legends of Oz: Dorothy's Return (2013),Animation|Adventure|Family,"['Animation', 'Adventure']"
885415,885415.jpg,../data/raw/885415.jpg,182,268,JPEG,035814aa2e5fe4b3426b5ed396f38d11,74e8e4a4b331f6e8,The Flight Before Christmas (2008),Animation|Adventure|Family,"['Animation', 'Adventure']"
88678,88678.jpg,../data/raw/88678.jpg,182,268,JPEG,158b4cfe22b56566a6221d7a62cc11fd,602beae713d91918,The Adventures of Mark Twain (1985),Animation|Adventure|Family,"['Animation', 'Adventure']"
88689,88689.jpg,../data/raw/88689.jpg,182,268,JPEG,cc9c624b4e9dd2e340e728c91d059300,b04d2d3db01e4553,Alamo Bay (1985),Action|Drama|Romance,"['Action', 'Drama', 'Romance']"
88708,88708.jpg,../data/raw/88708.jpg,182,268,JPEG,3e165a66fe1e345a137b3e75a2d624b4,e484b3334bd9d492,American Ninja (1985),Action|Adventure|Romance,"['Action', 'Adventure', 'Romance']"
88736,88736.jpg,../data/raw/88736.jpg,182,268,JPEG,53d8475623e479644eaf1843f88427b0,e8e47535ddb9185c,Area 88: The Blue Skies of Betrayal (1985),Animation|Action|Drama,"['Animation', 'Action', 'Drama']"
888817,888817.jpg,../data/raw/888817.jpg,182,268,JPEG,baba6089df5177de43a25196b0a2b151,637679cb67733838,Blue Harvest,Animation|Comedy,"['Animation', 'Comedy']"
88983,88983.jpg,../data/raw/88983.jpg,182,268,JPEG,09f1a450f6d49cddc71e773912bf3151,d63af0ec30b86c96,Kamui no ken (1985),Animation|Action|Adventure,"['Animation', 'Action', 'Adventure']"
892769,892769.jpg,../data/raw/892769.jpg,182,268,JPEG,2c3d32023bb3bdcfb4dc32dd6c52740e,c2c0c1a4a4a1f1f4,How to Train Your Dragon (2010),Animation|Action|Adventure,"['Animation', 'Action', 'Adventure']"
892782,892782.jpg,../data/raw/892782.jpg,182,268,JPEG,ece34ed1ba31ec93d2fdd686a84978a4,f03009cdf23b69cc,Monsters vs. Aliens (2009),Animation|Action|Adventure,"['Animation', 'Action', 'Adventure']"
892791,892791.jpg,../data/raw/892791.jpg,182,268,JPEG,60445a633619b62d9a364c89120b0b93,f4f4f2b17170cccc,Shrek Forever After (2010),Animation|Adventure|Comedy,"['Animation', 'Adventure', 'Comedy']"
892899,892899.jpg,../data/raw/892899.jpg,182,268,JPEG,8fdfb055de3362a3838a28afd31a50ab,68e8ccceb3c9d292,Outpost (2008),Action|Horror|Sci-Fi,"['Action', 'Horror']"
89489,89489.jpg,../data/raw/89489.jpg,182,268,JPEG,f9a187d9b7974364582ef22da7f65e16,cb2b3371f89a6dd0,Lifeforce (1985),Action|Horror|Mystery,"['Action', 'Horror']"
89593,89593.jpg,../data/raw/89593.jpg,182,268,JPEG,4690d188f33a72bfdaaf4c3041fa0a14,b278c4e9f11ad8cc,The Midnight Hour (1985),Comedy|Horror|Romance,"['Comedy', 'Horror', 'Romance']"
89861,89861.jpg,../data/raw/89861.jpg,182,268,JPEG,508f8816671f60fb99d01d5bd2c1ca28,e08c94b6b063e3b5,Witch from Nepal (1986),Action|Horror,"['Action', 'Horror']"
89941,89941.jpg,../data/raw/89941.jpg,182,268,JPEG,820ecc1bcd78cfba8126cc9349dba7e9,6d3dd97164576149,Runaway Train (1985),Action|Adventure|Drama,"['Action', 'Adventure', 'Drama']"
89984,89984.jpg,../data/raw/89984.jpg,182,268,JPEG,176f99053779c09ba9de1db18cd0642f,541e2b4d15f171f0,The Secret of the Sword (1985),Animation|Action|Fantasy,"['Animation', 'Action']"
901686,901686.jpg,../data/raw/901686.jpg,182,268,JPEG,94a85318a5c25c8a8bca0d83e687378b,73e8ccc0c0d17470,Mater and the Ghostlight (2006),Animation|Short|Comedy,"['Animation', 'Comedy']"
90190,90190.jpg,../data/raw/90190.jpg,182,268,JPEG,2816632788f8f23691e39d8a4ea7571d,966d47170d1f314d,The Toxic Avenger (1984),Action|Comedy|Horror,"['Action', 'Comedy', 'Horror']"
902272,902272.jpg,../data/raw/902272.jpg,182,268,JPEG,81a0007d692702ba7b503c7ddd454a5d,9341015714123206,Justice League: The New Frontier (2008),Animation|Action|Adventure,"['Animation', 'Action', 'Adventure']"
903135,903135.jpg,../data/raw/903135.jpg,182,268,JPEG,9cc8acb98516323df4a77d2b3fb0dcb5,d0ce9d17630b0367,The Invincible Iron Man (2007),Animation|Action|Adventure,"['Animation', 'Action', 'Adventure']"
90315,90315.jpg,../data/raw/90315.jpg,182,268,JPEG,667d4dcb9ef4606f1429a25be4037c00,19dce560d3a31933,When the Wind Blows (1986),Animation|Comedy|Drama,"['Animation', 'Comedy', 'Drama']"
90633,90633.jpg,../data/raw/90633.jpg,182,268,JPEG,14a9b1eafb9c0195c460d04a50aad088,7161697909717171,An American Tail (1986),Animation|Comedy|Drama,"['Animation', 'Comedy', 'Drama']"
90775,90775.jpg,../data/raw/90775.jpg,182,268,JPEG,e14c5e5f8c7c503925483b5e694d8866,cc0c0cec33580988,The Brotherhood of Justice (1986),Action|Drama|Thriller,"['Action', 'Drama']"
90915,90915.jpg,../data/raw/90915.jpg,182,268,JPEG,986d27a113ba0d2e5df74474704795ba,939bfc6d79f972be,Dead End Drive-In (1986),Action|Drama|Horror,"['Action', 'Drama', 'Horror']"
910865,910865.jpg,../data/raw/910865.jpg,182,268,JPEG,3869f2ce8ec245a37ba2d62c0d50083b,b1c74c2253d21286,Doctor Strange (2007),Animation|Action|Fantasy,"['Animation', 'Action']"
910970,910970.jpg,../data/raw/910970.jpg,182,268,JPEG,39dcd530b6b510ac6669553a66f2fd99,33bebedf6f6cd69e,WALLåáE (2008),Animation|Adventure|Family,"['Animation', 'Adventure']"
91187,91187.jpg,../data/raw/91187.jpg,182,268,JPEG,045470e079e8de8dca58f764c2eb2a22,8293cae563dcd4b2,Heartbreak Ridge (1986),Action|Comedy|Drama,"['Action', 'Comedy', 'Drama']"
91499,91499.jpg,../data/raw/91499.jpg,182,268,JPEG,94da7f94a2c760c8165335cec4f2eb68,60ecd8f4ccf0f023,Maximum Overdrive (1986),Action|Comedy|Horror,"['Action', 'Comedy', 'Horror']"
915463,915463.jpg,../data/raw/915463.jpg,182,268,JPEG,b45cfd22fbfcd52b81c7d2de335e3e45,b3cc1c33490ea40c,Jackboots on Whitehall (2010),Animation|Comedy|Sci-Fi,"['Animation', 'Comedy']"
91603,91603.jpg,../data/raw/91603.jpg,182,268,JPEG,972c55bf253af7491babd356cb6d4c5a,fada9c885cd8f0b1,The Naked Cage (1986),Drama|Action,"['Drama', 'Action']"
91671,91671.jpg,../data/raw/91671.jpg,182,268,JPEG,9c5f07c611db9cefc1a3b02447fd2940,c7cb87a1c165c8cc,From a Whisper to a Scream (1987),Action|Drama|Horror,"['Action', 'Drama', 'Horror']"
918645,918645.jpg,../data/raw/918645.jpg,182,268,JPEG,d40dc30decb0fbf60ce0b471ff742758,8ce0c8ccc6f23086,Left for Dead (2007),Action|Horror|Western,"['Action', 'Horror']"
91889,91889.jpg,../data/raw/91889.jpg,182,268,JPEG,f1ef6969c660ea4382113e51c71e834c,ce6b13333960fc8c,Samson og Sally (1984),Animation|Family|Romance,"['Animation', 'Romance']"
92038,92038.jpg,../data/raw/92038.jpg,182,268,JPEG,b9b08c99dbecba3f2fde3bc465d41179,b2e0c416fc0c12e1,Sword of Gideon (1986),Action|Drama|Thriller,"['Action', 'Drama']"
92085,92085.jpg,../data/raw/92085.jpg,182,268,JPEG,3edd6c8da919fd04c3740b3e9268ced6,cfc5e4ec6316146c,Thrashin' (1986),Action|Drama|Romance,"['Action', 'Drama', 'Romance']"
92099,92099.jpg,../data/raw/92099.jpg,182,268,JPEG,5f4989f754667e5f035d8bbbf926bc71,f1f868d8b32d4080,Top Gun (1986),Action|Drama|Romance,"['Action', 'Drama', 'Romance']"
926036,926036.jpg,../data/raw/926036.jpg,182,268,JPEG,a66a4b28a2daf9711f081f8b0986ec38,2bc9cff2c565d099,Around June (2008),Animation|Drama|Fantasy,"['Animation', 'Drama']"
92723,92723.jpg,../data/raw/92723.jpg,182,268,JPEG,8197c4fd9cf588a208eb4ee099029a18,5271704a64757358,The Care Bears Adventure in Wonderland (1987),Animation|Comedy|Family,"['Animation', 'Comedy']"
929753,929753.jpg,../data/raw/929753.jpg,182,268,JPEG,b99f995938ee94f58644cc63bd26d9c4,704567b32a763975,Step Up Love Story,Animation|Comedy|Drama,"['Animation', 'Comedy', 'Drama']"
93015,93015.jpg,../data/raw/93015.jpg,182,268,JPEG,362e2cda720acffff63ca4368a5f5e89,e4e8ea46ccb31f55,Fei lung mang jeung (1988),Action|Comedy|Romance,"['Action', 'Comedy', 'Romance']"
93066,93066.jpg,../data/raw/93066.jpg,182,268,JPEG,7b6e978cbb1a8df1989d6ac2b82852a8,f0f0d49c154d96f0,G.I. Joe: The Movie (1987),Animation|Action|Adventure,"['Animation', 'Action', 'Adventure']"
930902,930902.jpg,../data/raw/930902.jpg,182,268,JPEG,3056052434b3e210fd4c0bc18db8f528,381955676765b6b4,ShÌ«jo tsubaki: Chika gentÌ« gekiga (1992),Animation|Drama|Horror,"['Animation', 'Drama', 'Horror']"
93185,93185.jpg,../data/raw/93185.jpg,182,268,JPEG,d0b6ac8a73637bf7c4c70a38a77ffcd4,e8d1e1771634b4e4,The Hidden (1987),Action|Crime|Horror,"['Action', 'Horror']"
93207,93207.jpg,../data/raw/93207.jpg,182,268,JPEG,3bb085095f871cdf98b968224285035b,980837b6c78d37ba,Wings of Honneamise (1987),Animation|Drama|Sci-Fi,"['Animation', 'Drama']"
933064,933064.jpg,../data/raw/933064.jpg,182,268,JPEG,f306a8c971f23e5ac2e1ff4eada832de,79521344657c4c09,The Land Before Time XII: The Great Day of the Flyers (2006),Animation|Adventure|Family,"['Animation', 'Adventure']"
934706,934706.jpg,../data/raw/934706.jpg,182,268,JPEG,724e961ec67a13a19a58453dfbbf63f4,ede6c0ec64b89ae3,Superman/Doomsday (2007),Animation|Action|Adventure,"['Animation', 'Action', 'Adventure']"
93488,93488.jpg,../data/raw/93488.jpg,182,268,JPEG,55329af9edfbb5a48f6d88573cb43b44,9ad12e8d8dcbdca0,The Man Who Planted Trees (1987),Animation|Short|Drama,"['Animation', 'Drama']"
93648,93648.jpg,../data/raw/93648.jpg,182,268,JPEG,1bb170738024b0c842657b1e3c7676a3,f3bba5a272a4b43d,North Shore (1987),Action|Drama|Romance,"['Action', 'Drama', 'Romance']"
938780,938780.jpg,../data/raw/938780.jpg,182,268,JPEG,dd88a6ac8d4a1013d2026a35986e092d,60314d5755c12c6c,Printed Rainbow (2006),Animation|Short,['Animation']
940657,940657.jpg,../data/raw/940657.jpg,182,268,JPEG,26b33450873135fc121dfab8f79a6455,60729288ecfc4c5c,Arthur et la vengeance de Maltazard (2009),Animation|Adventure|Family,"['Animation', 'Adventure']"
94152,94152.jpg,../data/raw/94152.jpg,182,268,JPEG,50ddd7eaa1e1c8901d37ca564e60a38a,3531d5cc6e76596d,The Time Guardian (1987),Action|Romance|Sci-Fi,"['Action', 'Romance']"
94238,94238.jpg,../data/raw/94238.jpg,182,268,JPEG,a4accec66228c9e00663e2807cb4c2d4,d8d0b8380f33e4e6,Valhalla (1986),Animation|Adventure|Family,"['Animation', 'Adventure']"
944834,944834.jpg,../data/raw/944834.jpg,182,268,JPEG,fb76578f54371fbeea2efb93319c99f7,c831439c1f363d3f,Chasseurs de dragons (2008),Animation|Adventure|Family,"['Animation', 'Adventure']"
945355,945355.jpg,../data/raw/945355.jpg,182,268,JPEG,29d43da662619afc62a1363816c04e8c,d89c59c8cef2e174,KidÌ« senshi Gandamu: Dai 08 MS shÌ«tai - MirÌ¢zu ripÌ«to (1998),Animation|Action|Sci-Fi,"['Animation', 'Action']"
945571,945571.jpg,../data/raw/945571.jpg,182,268,JPEG,b1cf15d1c5e7ad92a83513d883a643e9,82402492c7692de3,Lifted (2006),Animation|Short|Family,['Animation']
94625,94625.jpg,../data/raw/94625.jpg,182,268,JPEG,42751d9acdd7f24717f39decfd1a3ee9,f03749ccec2bc8f0,Akira (1988),Animation|Action|Drama,"['Animation', 'Action', 'Drama']"
94744,94744.jpg,../data/raw/94744.jpg,182,268,JPEG,20b60013279b0b54b710ced8605b1d4a,4baab032333d2ec7,Big Top Pee-wee (1988),Adventure|Comedy|Romance,"['Adventure', 'Comedy', 'Romance']"
94847,94847.jpg,../data/raw/94847.jpg,182,268,JPEG,a42fd65ca88ba3328b6b5d4073b349d1,ccc4f33bc7f0b8d0,The Cat Came Back (1988),Animation|Short|Comedy,"['Animation', 'Comedy']"
94961,94961.jpg,../data/raw/94961.jpg,182,268,JPEG,11f956ab9675e870d1d6149a77cdb723,b6e2e9da989edce8,Dead Heat (1988),Action|Comedy|Horror,"['Action', 'Comedy', 'Horror']"
950500,950500.jpg,../data/raw/950500.jpg,182,268,JPEG,4e6cf8855f66ff20bd570b85a7e5cadc,d77c3c3a3ac183a4,Pen choo kab pee (2006),Horror|Mystery|Romance,"['Horror', 'Romance']"
95262,95262.jpg,../data/raw/95262.jpg,182,268,JPEG,52fd7a5f3bbcddcf3b9793ef5e170ef3,67a4ad4d6b3bbc5f,KidÌ« senshi Gandamu: GyakushÌÈ no ShÌ¢ (1988),Animation|Action|Drama,"['Animation', 'Action', 'Drama']"
952640,952640.jpg,../data/raw/952640.jpg,182,268,JPEG,dd48b13d2b58bd50565178b880aca41e,f2f3979ea8cbc7a0,Alvin and the Chipmunks (2007),Animation|Comedy|Family,"['Animation', 'Comedy']"
95368,95368.jpg,../data/raw/95368.jpg,182,268,JPEG,dc19b1aa7a7a22ed6267cc5153565a7d,52505e3a120f5b5f,The Incredible Hulk Returns (1988),Action|Adventure|Drama,"['Action', 'Adventure', 'Drama']"
95382,95382.jpg,../data/raw/95382.jpg,182,268,JPEG,a39b68a4698ced220bb387679b07bd32,f0e896b8c4c2dab2,Iron Eagle II (1988),Action|Drama|Romance,"['Action', 'Drama', 'Romance']"
95489,95489.jpg,../data/raw/95489.jpg,182,268,JPEG,e6461108d7fb4fc6846c445ab75052df,e570f0c2e8cce2a6,The Land Before Time (1988),Animation|Adventure|Drama,"['Animation', 'Adventure', 'Drama']"
95583,95583.jpg,../data/raw/95583.jpg,182,268,JPEG,f75ff9b924bcc0be7bcea4b9f00f92e1,697190b0e069d0dc,Maniac Cop (1988),Action|Crime|Horror,"['Action', 'Horror']"
95709,95709.jpg,../data/raw/95709.jpg,182,268,JPEG,f228d534ff97527b55ab377e0e2cd111,1fe6721ae4ccd8d4,The Navigator: A Medieval Odyssey (1988),Action|Adventure|Drama,"['Action', 'Adventure', 'Drama']"
95776,95776.jpg,../data/raw/95776.jpg,182,268,JPEG,4f0c8d7c598c5fa048a935fcf92935d8,9c949ef3c4f1b5b2,Oliver & Company (1988),Animation|Adventure|Comedy,"['Animation', 'Adventure', 'Comedy']"
96256,96256.jpg,../data/raw/96256.jpg,182,268,JPEG,cf5d76af3d101df10a8e10230fe77f54,b6aefa879393cc96,They Live (1988),Action|Horror|Sci-Fi,"['Action', 'Horror']"
96273,96273.jpg,../data/raw/96273.jpg,182,268,JPEG,7a800120178e8127d115d51ff65f73be,3edad36832b1091a,Tin Toy (1988),Animation|Short|Family,['Animation']
96378,96378.jpg,../data/raw/96378.jpg,182,268,JPEG,0227b8028cfbc5861e9b7af818fd35ec,3a13171b61797971,Vibes (1988),Adventure|Comedy|Romance,"['Adventure', 'Comedy', 'Romance']"
96446,96446.jpg,../data/raw/96446.jpg,182,268,JPEG,121945175bc122b1f62677d93f5420ff,1e9ecb9b1b6fcd31,Willow (1988),Action|Adventure|Drama,"['Action', 'Adventure', 'Drama']"
965649,965649.jpg,../data/raw/965649.jpg,182,268,JPEG,3ccac78c700d15593d6728e46a9b4a13,347671d8ce8c2943,Meitantei Conan: 14 banme no target (1998),Animation|Adventure|Crime,"['Animation', 'Adventure']"
96787,96787.jpg,../data/raw/96787.jpg,182,268,JPEG,91b90f988d3c38f1b8b75f7f8f77037f,e8cadcb6c2ead8f8,All Dogs Go to Heaven (1989),Animation|Comedy|Drama,"['Animation', 'Comedy', 'Drama']"
96816,96816.jpg,../data/raw/96816.jpg,182,268,JPEG,0236be2f905a46d87a3d53a34767c39c,ccc4684f47a6a6cf,Angel Cop,Animation|Action|Sci-Fi,"['Animation', 'Action']"
96869,96869.jpg,../data/raw/96869.jpg,182,268,JPEG,5abb623159cc364b6f3c622da1d1eaf5,d893b294b0e8b8f6,Babar: The Movie (1989),Animation|Adventure|Family,"['Animation', 'Adventure']"
969647,969647.jpg,../data/raw/969647.jpg,182,268,JPEG,798be97754e9c49d8833891d110e256a,f0f0e8f0d068f0d0,The Little Mermaid: Ariel's Beginning (2008),Animation|Drama|Family,"['Animation', 'Drama']"
96978,96978.jpg,../data/raw/96978.jpg,182,268,JPEG,f9624ee83bddfb450fc42808a3fff0c6,949ccccce5dc8c00,Brenda Starr (1989),Adventure|Comedy|Romance,"['Adventure', 'Comedy', 'Romance']"
970472,970472.jpg,../data/raw/970472.jpg,182,268,JPEG,9a372629057f951cade50c6bee430de4,f0e0a1d0e0b6b692,Bekushiru: 2077 Nihon sakoku (2007),Animation|Action|Sci-Fi,"['Animation', 'Action']"
97119,97119.jpg,../data/raw/97119.jpg,182,268,JPEG,7029795f1a7dff0a26408db1d118c671,b79295ad7316bc8c,Crack House (1989),Action|Crime|Drama,"['Action', 'Drama']"
97179,97179.jpg,../data/raw/97179.jpg,182,268,JPEG,d748a8dd7af97a635d17fbe15de291c5,706870e0f0f0e8b0,DeepStar Six (1989),Action|Horror|Sci-Fi,"['Action', 'Horror']"
972542,972542.jpg,../data/raw/972542.jpg,182,268,JPEG,a7036327a75dda7311b027a6a1a016c1,f3fc1ce4e6cc8c8c,Aachi & Ssipak (2006),Animation|Action|Comedy,"['Animation', 'Action', 'Comedy']"
97444,97444.jpg,../data/raw/97444.jpg,182,268,JPEG,21f314e1c31ef3027696547c4d95fac1,b2f0d4d49c8cb6b1,Godzilla vs. Biollante (1989),Action|Drama|Horror,"['Action', 'Drama', 'Horror']"
97647,97647.jpg,../data/raw/97647.jpg,182,268,JPEG,8658fd0019aa6a473c6916cc34a592e7,f8f0b43849c67ef2,The Karate Kid Part III (1989),Action|Drama|Family,"['Action', 'Drama']"
97674,97674.jpg,../data/raw/97674.jpg,182,268,JPEG,357ec6cf5199b8e35b434869e7de0547,f9a6c733f36c1e36,Knick Knack (1989),Animation|Short|Comedy,"['Animation', 'Comedy']"
978762,978762.jpg,../data/raw/978762.jpg,182,268,JPEG,3a50ae70f12856f0c0c2a05786ddbb4a,e8e870b0b0dcecf0,Mary and Max (2009),Animation|Comedy|Drama,"['Animation', 'Comedy', 'Drama']"
97889,97889.jpg,../data/raw/97889.jpg,182,268,JPEG,5a401d037a9f5a37ec1805573eaee2f1,7071f14455edcece,Miracle Mile (1988),Action|Drama|Romance,"['Action', 'Drama', 'Romance']"
98022,98022.jpg,../data/raw/98022.jpg,182,268,JPEG,6b200224cdfc010f762f31d8e8610a31,6b49616525714d49,Old Gringo (1989),Adventure|History|Romance,"['Adventure', 'Romance']"
98089,98089.jpg,../data/raw/98089.jpg,182,268,JPEG,2f419d3f857132fed0f8fe32d6c49337,1e3c5a9a931acc33,Phantom of the Mall: Eric's Revenge (1989),Horror|Romance,"['Horror', 'Romance']"
98155,98155.jpg,../data/raw/98155.jpg,182,268,JPEG,c7ae20a8f5ee7960b87030986a4f7d70,320e60708c868683,Qun long xi feng (1989),Action|Comedy|Romance,"['Action', 'Comedy', 'Romance']"
98165,98165.jpg,../data/raw/98165.jpg,182,268,JPEG,effa2df55c79c00c83d782f857d1aaa8,78cec3c8d0f0f1f1,The Rainbow (1989),Action|Drama|Romance,"['Action', 'Drama', 'Romance']"
98189,98189.jpg,../data/raw/98189.jpg,182,268,JPEG,63dc67c6a718e1152759c9e66e81923f,242160244733171c,Resan till Melonia (1989),Animation|Family|Adventure,"['Animation', 'Adventure']"
98259,98259.jpg,../data/raw/98259.jpg,182,268,JPEG,df83402cbac8021d11183268afe41b0b,b2696eb6329beac8,Scamper the Penguin (1986),Animation|Adventure|Family,"['Animation', 'Adventure']"
983193,983193.jpg,../data/raw/983193.jpg,182,268,JPEG,b83bb91c3e091b1db583bf068543ea35,f8e8eccc8ce4d8d0,The Adventures of Tintin (2011),Animation|Action|Adventure,"['Animation', 'Action', 'Adventure']"
983213,983213.jpg,../data/raw/983213.jpg,182,268,JPEG,1b37f51e31de224a2ca38c610e614da4,c4f000104420c0f0,5 Centimeters Per Second (2007),Animation|Drama|Romance,"['Animation', 'Drama', 'Romance']"
983242,983242.jpg,../data/raw/983242.jpg,182,268,JPEG,2d9777ce43f462c022631b65a3bca238,3b19688c061e0e4b,Ubornaya istoriya - lyubovnaya istoriya (2007),Animation|Short,['Animation']
98481,98481.jpg,../data/raw/98481.jpg,182,268,JPEG,2bbc0ac22daf3319f6acd04bf5449e4c,e47c0855683168cb,Darkness Light Darkness (1989),Animation|Short|Comedy,"['Animation', 'Comedy']"
98503,98503.jpg,../data/raw/98503.jpg,182,268,JPEG,10041841f90b376b62d80354c44fde0c,f2fa86969e8eb6a6,The Toxic Avenger Part II (1989),Action|Comedy|Horror,"['Action', 'Comedy', 'Horror']"
985058,985058.jpg,../data/raw/985058.jpg,182,268,JPEG,f475f74e2f62de0ba09e8d221cab4db5,55f0f2b06073c490,Metropia (2009),Animation|Drama|Mystery,"['Animation', 'Drama']"
98622,98622.jpg,../data/raw/98622.jpg,182,268,JPEG,b6e53a5ca6211c0cfd1ff3f7fe7fa1ca,3627874e3d712b2f,Warlock (1989),Action|Fantasy|Horror,"['Action', 'Horror']"
986361,986361.jpg,../data/raw/986361.jpg,182,268,JPEG,c2b06d48f0ce2b485ee3464195c97e29,f0c8c0d8bc32d0cc,Maaginen kristalli (2011),Animation|Adventure|Comedy,"['Animation', 'Adventure', 'Comedy']"
99188,99188.jpg,../data/raw/99188.jpg,182,268,JPEG,5f3ccace38c91786daa2f937318f34eb,c7c686c6c673d8c8,Buried Alive (1990),Horror|Romance|Thriller,"['Horror', 'Romance']"
99197,99197.jpg,../data/raw/99197.jpg,182,268,JPEG,aa5fcbba900a6358aa98fda45530d66c,c0e0d0e0e2eaabd4,By Dawn's Early Light (1990),Drama|Thriller|Action,"['Drama', 'Action']"
99277,99277.jpg,../data/raw/99277.jpg,182,268,JPEG,b8010e6463aafbb1fe4805ad1e23b491,4571714d69715955,Class of 1999 (1990),Action|Horror|Sci-Fi,"['Action', 'Horror']"
99472,99472.jpg,../data/raw/99472.jpg,182,268,JPEG,5ba1aec804f1f7cd2e0b6da0a4f7deaf,3b65ed7555597875,DuckTales the Movie: Treasure of the Lost Lamp (1990),Animation|Adventure|Comedy,"['Animation', 'Adventure', 'Comedy']"
99524,99524.jpg,../data/raw/99524.jpg,182,268,JPEG,2de91967d92b73176f4a847fb57a5c2b,b597032931194a69,Evil Toons (1992),Animation|Comedy|Horror,"['Animation', 'Comedy', 'Horror']"
995752,995752.jpg,../data/raw/995752.jpg,182,268,JPEG,a5b746a406b9a93dd66ec03e0c20d370,4ca4a5e6d21a4b6f,Tashan (2008),Action|Drama|Romance,"['Action', 'Drama', 'Romance']"
99601,99601.jpg,../data/raw/99601.jpg,182,268,JPEG,1a99b4aba706a03ab9c85cd58f2bf910,43c4d471f0c8c8f0,The Forgotten One (1989),Horror|Mystery|Romance,"['Horror', 'Romance']"
99629,99629.jpg,../data/raw/99629.jpg,182,268,JPEG,4ac756e308a864afa2bb603da9820ffe,9bdbd97361658de9,Ga li la jiao (1990),Crime|Action|Romance,"['Action', 'Romance']"
99652,99652.jpg,../data/raw/99652.jpg,182,268,JPEG,599448a3ad73777170602d91f78d51c5,862e2e2dd9138b61,Ghayal (1990),Action|Crime|Romance,"['Action', 'Romance']"
996979,996979.jpg,../data/raw/996979.jpg,182,268,JPEG,8c3b9261c244391638850fc2360e4a6b,1a19783870701b07,Alien Raiders (2008),Action|Horror|Sci-Fi,"['Action', 'Horror']"
99701,99701.jpg,../data/raw/99701.jpg,182,268,JPEG,90aefd5589c30546126c9859a329d582,c4d0e1c770f1d1f8,The Rift (1990),Action|Adventure|Horror,"['Action', 'Adventure', 'Horror']"
997248,997248.jpg,../data/raw/997248.jpg,182,268,JPEG,3075d14f607a58dcbdeba4e2f37a7b41,0f2af04c2ecfc466,The Cat Who Walked by Herself (1988),Animation|Drama,"['Animation', 'Drama']"
99817,99817.jpg,../data/raw/99817.jpg,182,268,JPEG,ab45dd4d7f36772b56a52b9490bb41f2,c4a430d8dccce7e4,I Come in Peace (1990),Action|Crime|Horror,"['Action', 'Horror']"
99935,99935.jpg,../data/raw/99935.jpg,182,268,JPEG,10689629104f1523a71e52e55c8bca5b,d4ccc89984899ae0,Killer Tomatoes Strike Back! (1991),Action|Comedy|Horror,"['Action', 'Comedy', 'Horror']"
